label,display,sample_bucket,source,run,setting,candidate_id,candidate_uid,mask_path,he_crop_rel,ficture_crop_rel
lung_bronchiola,bronchiola,GOOD,ficture,ficture_official_11938226,base_official_points_step32,303,ficture__ficture_official_11938226__base_official_points_step32__303,/nfs/roberts/project/pi_xy48/hw646/Medical-SAM3/results/visium_hd_exp1/ficture_official_filtered_candidate_pool/ficture_official_11938226/base_official_points_step32/candidate_masks/candidate_303.png,candidate_pair_crops/ficture__ficture_official_11938226__base_official_points_step32__303_he_reverse_blur_gray.png,candidate_pair_crops/ficture__ficture_official_11938226__base_official_points_step32__303_ficture_reverse_blur_gray.png
lung_bronchiola,bronchiola,GOOD,ficture,ficture_official_11938229,base_point64_m1024_p700,29,ficture__ficture_official_11938229__base_point64_m1024_p700__029,/nfs/roberts/project/pi_xy48/hw646/Medical-SAM3/results/visium_hd_exp1/ficture_official_filtered_candidate_pool/ficture_official_11938229/base_point64_m1024_p700/candidate_masks/candidate_029.png,candidate_pair_crops/ficture__ficture_official_11938229__base_point64_m1024_p700__029_he_reverse_blur_gray.png,candidate_pair_crops/ficture__ficture_official_11938229__base_point64_m1024_p700__029_ficture_reverse_blur_gray.png
lung_bronchiola,bronchiola,GOOD,ficture,ficture_official_11940972,base_point96_m1536_p500,23,ficture__ficture_official_11940972__base_point96_m1536_p500__023,/nfs/roberts/project/pi_xy48/hw646/Medical-SAM3/results/visium_hd_exp1/ficture_official_filtered_candidate_pool/ficture_official_11940972/base_point96_m1536_p500/candidate_masks/candidate_023.png,candidate_pair_crops/ficture__ficture_official_11940972__base_point96_m1536_p500__023_he_reverse_blur_gray.png,candidate_pair_crops/ficture__ficture_official_11940972__base_point96_m1536_p500__023_ficture_reverse_blur_gray.png
lung_bronchiola,bronchiola,GOOD,ficture,ficture_official_11938229,base_point96_m1536_p500,22,ficture__ficture_official_11938229__base_point96_m1536_p500__022,/nfs/roberts/project/pi_xy48/hw646/Medical-SAM3/results/visium_hd_exp1/ficture_official_filtered_candidate_pool/ficture_official_11938229/base_point96_m1536_p500/candidate_masks/candidate_022.png,candidate_pair_crops/ficture__ficture_official_11938229__base_point96_m1536_p500__022_he_reverse_blur_gray.png,candidate_pair_crops/ficture__ficture_official_11938229__base_point96_m1536_p500__022_ficture_reverse_blur_gray.png
lung_bronchiola,bronchiola,GOOD,ficture,ficture_official_11938229,base_point64_m1536_p900,49,ficture__ficture_official_11938229__base_point64_m1536_p900__049,/nfs/roberts/project/pi_xy48/hw646/Medical-SAM3/results/visium_hd_exp1/ficture_official_filtered_candidate_pool/ficture_official_11938229/base_point64_m1536_p900/candidate_masks/candidate_049.png,candidate_pair_crops/ficture__ficture_official_11938229__base_point64_m1536_p900__049_he_reverse_blur_gray.png,candidate_pair_crops/ficture__ficture_official_11938229__base_point64_m1536_p900__049_ficture_reverse_blur_gray.png
lung_bronchiola,bronchiola,MID,he,he_official_12445451,medical_box256_s96_m2048,158,he__he_official_12445451__medical_box256_s96_m2048__158,/home/hw646/codex_he_official_roi_candidate_pool_b200/he_official_12445451/medical_box256_s96_m2048/candidate_masks/candidate_158.png,candidate_pair_crops/he__he_official_12445451__medical_box256_s96_m2048__158_he_reverse_blur_gray.png,candidate_pair_crops/he__he_official_12445451__medical_box256_s96_m2048__158_ficture_reverse_blur_gray.png
lung_bronchiola,bronchiola,MID,ficture,ficture_official_11938229,medical_point48_m1024_p900,88,ficture__ficture_official_11938229__medical_point48_m1024_p900__088,/nfs/roberts/project/pi_xy48/hw646/Medical-SAM3/results/visium_hd_exp1/ficture_official_filtered_candidate_pool/ficture_official_11938229/medical_point48_m1024_p900/candidate_masks/candidate_088.png,candidate_pair_crops/ficture__ficture_official_11938229__medical_point48_m1024_p900__088_he_reverse_blur_gray.png,candidate_pair_crops/ficture__ficture_official_11938229__medical_point48_m1024_p900__088_ficture_reverse_blur_gray.png
lung_bronchiola,bronchiola,MID,ficture,ficture_official_11940971,base_box192_s64_m1536,238,ficture__ficture_official_11940971__base_box192_s64_m1536__238,/nfs/roberts/project/pi_xy48/hw646/Medical-SAM3/results/visium_hd_exp1/ficture_official_filtered_candidate_pool/ficture_official_11940971/base_box192_s64_m1536/candidate_masks/candidate_238.png,candidate_pair_crops/ficture__ficture_official_11940971__base_box192_s64_m1536__238_he_reverse_blur_gray.png,candidate_pair_crops/ficture__ficture_official_11940971__base_box192_s64_m1536__238_ficture_reverse_blur_gray.png
lung_bronchiola,bronchiola,MID,ficture,ficture_official_11938226,base_box192_s64_m1536,236,ficture__ficture_official_11938226__base_box192_s64_m1536__236,/nfs/roberts/project/pi_xy48/hw646/Medical-SAM3/results/visium_hd_exp1/ficture_official_filtered_candidate_pool/ficture_official_11938226/base_box192_s64_m1536/candidate_masks/candidate_236.png,candidate_pair_crops/ficture__ficture_official_11938226__base_box192_s64_m1536__236_he_reverse_blur_gray.png,candidate_pair_crops/ficture__ficture_official_11938226__base_box192_s64_m1536__236_ficture_reverse_blur_gray.png
lung_bronchiola,bronchiola,MID,ficture,ficture_official_11938227,base_box256_s96_m2048,212,ficture__ficture_official_11938227__base_box256_s96_m2048__212,/nfs/roberts/project/pi_xy48/hw646/Medical-SAM3/results/visium_hd_exp1/ficture_official_filtered_candidate_pool/ficture_official_11938227/base_box256_s96_m2048/candidate_masks/candidate_212.png,candidate_pair_crops/ficture__ficture_official_11938227__base_box256_s96_m2048__212_he_reverse_blur_gray.png,candidate_pair_crops/ficture__ficture_official_11938227__base_box256_s96_m2048__212_ficture_reverse_blur_gray.png
lung_bronchiola,bronchiola,BAD,he,he_official_12445451,base_box128_s48_m1536,61,he__he_official_12445451__base_box128_s48_m1536__061,/home/hw646/codex_he_official_roi_candidate_pool_b200/he_official_12445451/base_box128_s48_m1536/candidate_masks/candidate_061.png,candidate_pair_crops/he__he_official_12445451__base_box128_s48_m1536__061_he_reverse_blur_gray.png,candidate_pair_crops/he__he_official_12445451__base_box128_s48_m1536__061_ficture_reverse_blur_gray.png
lung_bronchiola,bronchiola,BAD,he,he_official_12445451,base_box160_s64_m1536,40,he__he_official_12445451__base_box160_s64_m1536__040,/home/hw646/codex_he_official_roi_candidate_pool_b200/he_official_12445451/base_box160_s64_m1536/candidate_masks/candidate_040.png,candidate_pair_crops/he__he_official_12445451__base_box160_s64_m1536__040_he_reverse_blur_gray.png,candidate_pair_crops/he__he_official_12445451__base_box160_s64_m1536__040_ficture_reverse_blur_gray.png
lung_bronchiola,bronchiola,BAD,he,he_official_12445451,base_box160_s64_m1536,215,he__he_official_12445451__base_box160_s64_m1536__215,/home/hw646/codex_he_official_roi_candidate_pool_b200/he_official_12445451/base_box160_s64_m1536/candidate_masks/candidate_215.png,candidate_pair_crops/he__he_official_12445451__base_box160_s64_m1536__215_he_reverse_blur_gray.png,candidate_pair_crops/he__he_official_12445451__base_box160_s64_m1536__215_ficture_reverse_blur_gray.png
lung_bronchiola,bronchiola,BAD,he,he_official_12445451,base_box160_s64_m2048,77,he__he_official_12445451__base_box160_s64_m2048__077,/home/hw646/codex_he_official_roi_candidate_pool_b200/he_official_12445451/base_box160_s64_m2048/candidate_masks/candidate_077.png,candidate_pair_crops/he__he_official_12445451__base_box160_s64_m2048__077_he_reverse_blur_gray.png,candidate_pair_crops/he__he_official_12445451__base_box160_s64_m2048__077_ficture_reverse_blur_gray.png
lung_bronchiola,bronchiola,BAD,he,he_official_12445451,base_box192_s64_m1536,104,he__he_official_12445451__base_box192_s64_m1536__104,/home/hw646/codex_he_official_roi_candidate_pool_b200/he_official_12445451/base_box192_s64_m1536/candidate_masks/candidate_104.png,candidate_pair_crops/he__he_official_12445451__base_box192_s64_m1536__104_he_reverse_blur_gray.png,candidate_pair_crops/he__he_official_12445451__base_box192_s64_m1536__104_ficture_reverse_blur_gray.png
lung_alveoli_normal_adjacent,alveoli,GOOD,he,he_official_12445451,base_box384_s128_m1536,13,he__he_official_12445451__base_box384_s128_m1536__013,/home/hw646/codex_he_official_roi_candidate_pool_b200/he_official_12445451/base_box384_s128_m1536/candidate_masks/candidate_013.png,candidate_pair_crops/he__he_official_12445451__base_box384_s128_m1536__013_he_reverse_blur_gray.png,candidate_pair_crops/he__he_official_12445451__base_box384_s128_m1536__013_ficture_reverse_blur_gray.png
lung_alveoli_normal_adjacent,alveoli,GOOD,he,he_official_12445451,base_official_boxes_b384_s96,19,he__he_official_12445451__base_official_boxes_b384_s96__019,/home/hw646/codex_he_official_roi_candidate_pool_b200/he_official_12445451/base_official_boxes_b384_s96/candidate_masks/candidate_019.png,candidate_pair_crops/he__he_official_12445451__base_official_boxes_b384_s96__019_he_reverse_blur_gray.png,candidate_pair_crops/he__he_official_12445451__base_official_boxes_b384_s96__019_ficture_reverse_blur_gray.png
lung_alveoli_normal_adjacent,alveoli,GOOD,he,he_official_12445451,base_box512_s160_m2048,29,he__he_official_12445451__base_box512_s160_m2048__029,/home/hw646/codex_he_official_roi_candidate_pool_b200/he_official_12445451/base_box512_s160_m2048/candidate_masks/candidate_029.png,candidate_pair_crops/he__he_official_12445451__base_box512_s160_m2048__029_he_reverse_blur_gray.png,candidate_pair_crops/he__he_official_12445451__base_box512_s160_m2048__029_ficture_reverse_blur_gray.png
lung_alveoli_normal_adjacent,alveoli,GOOD,he,he_official_12445451,base_box384_s128_m2048,7,he__he_official_12445451__base_box384_s128_m2048__007,/home/hw646/codex_he_official_roi_candidate_pool_b200/he_official_12445451/base_box384_s128_m2048/candidate_masks/candidate_007.png,candidate_pair_crops/he__he_official_12445451__base_box384_s128_m2048__007_he_reverse_blur_gray.png,candidate_pair_crops/he__he_official_12445451__base_box384_s128_m2048__007_ficture_reverse_blur_gray.png
lung_alveoli_normal_adjacent,alveoli,GOOD,ficture,ficture_official_11938227,base_box512_s160_m2048,31,ficture__ficture_official_11938227__base_box512_s160_m2048__031,/nfs/roberts/project/pi_xy48/hw646/Medical-SAM3/results/visium_hd_exp1/ficture_official_filtered_candidate_pool/ficture_official_11938227/base_box512_s160_m2048/candidate_masks/candidate_031.png,candidate_pair_crops/ficture__ficture_official_11938227__base_box512_s160_m2048__031_he_reverse_blur_gray.png,candidate_pair_crops/ficture__ficture_official_11938227__base_box512_s160_m2048__031_ficture_reverse_blur_gray.png
lung_alveoli_normal_adjacent,alveoli,MID,ficture,ficture_official_11940971,base_box128_s48_m1536,176,ficture__ficture_official_11940971__base_box128_s48_m1536__176,/nfs/roberts/project/pi_xy48/hw646/Medical-SAM3/results/visium_hd_exp1/ficture_official_filtered_candidate_pool/ficture_official_11940971/base_box128_s48_m1536/candidate_masks/candidate_176.png,candidate_pair_crops/ficture__ficture_official_11940971__base_box128_s48_m1536__176_he_reverse_blur_gray.png,candidate_pair_crops/ficture__ficture_official_11940971__base_box128_s48_m1536__176_ficture_reverse_blur_gray.png
lung_alveoli_normal_adjacent,alveoli,MID,ficture,ficture_official_11938226,base_box128_s48_m1536,175,ficture__ficture_official_11938226__base_box128_s48_m1536__175,/nfs/roberts/project/pi_xy48/hw646/Medical-SAM3/results/visium_hd_exp1/ficture_official_filtered_candidate_pool/ficture_official_11938226/base_box128_s48_m1536/candidate_masks/candidate_175.png,candidate_pair_crops/ficture__ficture_official_11938226__base_box128_s48_m1536__175_he_reverse_blur_gray.png,candidate_pair_crops/ficture__ficture_official_11938226__base_box128_s48_m1536__175_ficture_reverse_blur_gray.png
lung_alveoli_normal_adjacent,alveoli,MID,ficture,ficture_official_11938228,medical_box192_s64_m2048,195,ficture__ficture_official_11938228__medical_box192_s64_m2048__195,/nfs/roberts/project/pi_xy48/hw646/Medical-SAM3/results/visium_hd_exp1/ficture_official_filtered_candidate_pool/ficture_official_11938228/medical_box192_s64_m2048/candidate_masks/candidate_195.png,candidate_pair_crops/ficture__ficture_official_11938228__medical_box192_s64_m2048__195_he_reverse_blur_gray.png,candidate_pair_crops/ficture__ficture_official_11938228__medical_box192_s64_m2048__195_ficture_reverse_blur_gray.png
lung_alveoli_normal_adjacent,alveoli,MID,he,he_official_12445451,medical_box192_s64_m2048,144,he__he_official_12445451__medical_box192_s64_m2048__144,/home/hw646/codex_he_official_roi_candidate_pool_b200/he_official_12445451/medical_box192_s64_m2048/candidate_masks/candidate_144.png,candidate_pair_crops/he__he_official_12445451__medical_box192_s64_m2048__144_he_reverse_blur_gray.png,candidate_pair_crops/he__he_official_12445451__medical_box192_s64_m2048__144_ficture_reverse_blur_gray.png
lung_alveoli_normal_adjacent,alveoli,MID,he,he_official_12445451,base_box160_s64_m2048,77,he__he_official_12445451__base_box160_s64_m2048__077,/home/hw646/codex_he_official_roi_candidate_pool_b200/he_official_12445451/base_box160_s64_m2048/candidate_masks/candidate_077.png,candidate_pair_crops/he__he_official_12445451__base_box160_s64_m2048__077_he_reverse_blur_gray.png,candidate_pair_crops/he__he_official_12445451__base_box160_s64_m2048__077_ficture_reverse_blur_gray.png
lung_alveoli_normal_adjacent,alveoli,BAD,he,he_official_12445451,base_box160_s64_m1536,337,he__he_official_12445451__base_box160_s64_m1536__337,/home/hw646/codex_he_official_roi_candidate_pool_b200/he_official_12445451/base_box160_s64_m1536/candidate_masks/candidate_337.png,candidate_pair_crops/he__he_official_12445451__base_box160_s64_m1536__337_he_reverse_blur_gray.png,candidate_pair_crops/he__he_official_12445451__base_box160_s64_m1536__337_ficture_reverse_blur_gray.png
lung_alveoli_normal_adjacent,alveoli,BAD,he,he_official_12445451,base_box160_s64_m1536,215,he__he_official_12445451__base_box160_s64_m1536__215,/home/hw646/codex_he_official_roi_candidate_pool_b200/he_official_12445451/base_box160_s64_m1536/candidate_masks/candidate_215.png,candidate_pair_crops/he__he_official_12445451__base_box160_s64_m1536__215_he_reverse_blur_gray.png,candidate_pair_crops/he__he_official_12445451__base_box160_s64_m1536__215_ficture_reverse_blur_gray.png
lung_alveoli_normal_adjacent,alveoli,BAD,he,he_official_12445451,base_box160_s64_m2048,150,he__he_official_12445451__base_box160_s64_m2048__150,/home/hw646/codex_he_official_roi_candidate_pool_b200/he_official_12445451/base_box160_s64_m2048/candidate_masks/candidate_150.png,candidate_pair_crops/he__he_official_12445451__base_box160_s64_m2048__150_he_reverse_blur_gray.png,candidate_pair_crops/he__he_official_12445451__base_box160_s64_m2048__150_ficture_reverse_blur_gray.png
lung_alveoli_normal_adjacent,alveoli,BAD,he,he_official_12445451,base_box192_s64_m1536,377,he__he_official_12445451__base_box192_s64_m1536__377,/home/hw646/codex_he_official_roi_candidate_pool_b200/he_official_12445451/base_box192_s64_m1536/candidate_masks/candidate_377.png,candidate_pair_crops/he__he_official_12445451__base_box192_s64_m1536__377_he_reverse_blur_gray.png,candidate_pair_crops/he__he_official_12445451__base_box192_s64_m1536__377_ficture_reverse_blur_gray.png
lung_alveoli_normal_adjacent,alveoli,BAD,he,he_official_12445451,base_box192_s64_m1536,146,he__he_official_12445451__base_box192_s64_m1536__146,/home/hw646/codex_he_official_roi_candidate_pool_b200/he_official_12445451/base_box192_s64_m1536/candidate_masks/candidate_146.png,candidate_pair_crops/he__he_official_12445451__base_box192_s64_m1536__146_he_reverse_blur_gray.png,candidate_pair_crops/he__he_official_12445451__base_box192_s64_m1536__146_ficture_reverse_blur_gray.png
lung_vessels,vessels,GOOD,he,he_official_12445451,base_box512_s160_m1536,43,he__he_official_12445451__base_box512_s160_m1536__043,/home/hw646/codex_he_official_roi_candidate_pool_b200/he_official_12445451/base_box512_s160_m1536/candidate_masks/candidate_043.png,candidate_pair_crops/he__he_official_12445451__base_box512_s160_m1536__043_he_reverse_blur_gray.png,candidate_pair_crops/he__he_official_12445451__base_box512_s160_m1536__043_ficture_reverse_blur_gray.png
lung_vessels,vessels,GOOD,ficture,ficture_official_11938228,medical_box512_s160_m1536,25,ficture__ficture_official_11938228__medical_box512_s160_m1536__025,/nfs/roberts/project/pi_xy48/hw646/Medical-SAM3/results/visium_hd_exp1/ficture_official_filtered_candidate_pool/ficture_official_11938228/medical_box512_s160_m1536/candidate_masks/candidate_025.png,candidate_pair_crops/ficture__ficture_official_11938228__medical_box512_s160_m1536__025_he_reverse_blur_gray.png,candidate_pair_crops/ficture__ficture_official_11938228__medical_box512_s160_m1536__025_ficture_reverse_blur_gray.png
lung_vessels,vessels,GOOD,he,he_official_12445451,base_box384_s128_m1536,69,he__he_official_12445451__base_box384_s128_m1536__069,/home/hw646/codex_he_official_roi_candidate_pool_b200/he_official_12445451/base_box384_s128_m1536/candidate_masks/candidate_069.png,candidate_pair_crops/he__he_official_12445451__base_box384_s128_m1536__069_he_reverse_blur_gray.png,candidate_pair_crops/he__he_official_12445451__base_box384_s128_m1536__069_ficture_reverse_blur_gray.png
lung_vessels,vessels,GOOD,he,he_official_12445451,medical_box512_s160_m1536,19,he__he_official_12445451__medical_box512_s160_m1536__019,/home/hw646/codex_he_official_roi_candidate_pool_b200/he_official_12445451/medical_box512_s160_m1536/candidate_masks/candidate_019.png,candidate_pair_crops/he__he_official_12445451__medical_box512_s160_m1536__019_he_reverse_blur_gray.png,candidate_pair_crops/he__he_official_12445451__medical_box512_s160_m1536__019_ficture_reverse_blur_gray.png
lung_vessels,vessels,GOOD,he,he_official_12445451,medical_box512_s160_m2048,29,he__he_official_12445451__medical_box512_s160_m2048__029,/home/hw646/codex_he_official_roi_candidate_pool_b200/he_official_12445451/medical_box512_s160_m2048/candidate_masks/candidate_029.png,candidate_pair_crops/he__he_official_12445451__medical_box512_s160_m2048__029_he_reverse_blur_gray.png,candidate_pair_crops/he__he_official_12445451__medical_box512_s160_m2048__029_ficture_reverse_blur_gray.png
lung_vessels,vessels,MID,he,he_official_12445451,medical_point48_m1024_p900,231,he__he_official_12445451__medical_point48_m1024_p900__231,/home/hw646/codex_he_official_roi_candidate_pool_b200/he_official_12445451/medical_point48_m1024_p900/candidate_masks/candidate_231.png,candidate_pair_crops/he__he_official_12445451__medical_point48_m1024_p900__231_he_reverse_blur_gray.png,candidate_pair_crops/he__he_official_12445451__medical_point48_m1024_p900__231_ficture_reverse_blur_gray.png
lung_vessels,vessels,MID,ficture,ficture_official_11938228,medical_box384_s128_m2048,88,ficture__ficture_official_11938228__medical_box384_s128_m2048__088,/nfs/roberts/project/pi_xy48/hw646/Medical-SAM3/results/visium_hd_exp1/ficture_official_filtered_candidate_pool/ficture_official_11938228/medical_box384_s128_m2048/candidate_masks/candidate_088.png,candidate_pair_crops/ficture__ficture_official_11938228__medical_box384_s128_m2048__088_he_reverse_blur_gray.png,candidate_pair_crops/ficture__ficture_official_11938228__medical_box384_s128_m2048__088_ficture_reverse_blur_gray.png
lung_vessels,vessels,MID,he,he_official_12445451,base_box256_s96_m1536,123,he__he_official_12445451__base_box256_s96_m1536__123,/home/hw646/codex_he_official_roi_candidate_pool_b200/he_official_12445451/base_box256_s96_m1536/candidate_masks/candidate_123.png,candidate_pair_crops/he__he_official_12445451__base_box256_s96_m1536__123_he_reverse_blur_gray.png,candidate_pair_crops/he__he_official_12445451__base_box256_s96_m1536__123_ficture_reverse_blur_gray.png
lung_vessels,vessels,MID,he,he_official_12445451,medical_point80_m1024_p500,85,he__he_official_12445451__medical_point80_m1024_p500__085,/home/hw646/codex_he_official_roi_candidate_pool_b200/he_official_12445451/medical_point80_m1024_p500/candidate_masks/candidate_085.png,candidate_pair_crops/he__he_official_12445451__medical_point80_m1024_p500__085_he_reverse_blur_gray.png,candidate_pair_crops/he__he_official_12445451__medical_point80_m1024_p500__085_ficture_reverse_blur_gray.png
lung_vessels,vessels,MID,he,he_official_12445451,base_box192_s64_m1536,146,he__he_official_12445451__base_box192_s64_m1536__146,/home/hw646/codex_he_official_roi_candidate_pool_b200/he_official_12445451/base_box192_s64_m1536/candidate_masks/candidate_146.png,candidate_pair_crops/he__he_official_12445451__base_box192_s64_m1536__146_he_reverse_blur_gray.png,candidate_pair_crops/he__he_official_12445451__base_box192_s64_m1536__146_ficture_reverse_blur_gray.png
lung_vessels,vessels,BAD,he,he_official_12445451,base_box128_s48_m1536,267,he__he_official_12445451__base_box128_s48_m1536__267,/home/hw646/codex_he_official_roi_candidate_pool_b200/he_official_12445451/base_box128_s48_m1536/candidate_masks/candidate_267.png,candidate_pair_crops/he__he_official_12445451__base_box128_s48_m1536__267_he_reverse_blur_gray.png,candidate_pair_crops/he__he_official_12445451__base_box128_s48_m1536__267_ficture_reverse_blur_gray.png
lung_vessels,vessels,BAD,he,he_official_12445451,base_box128_s48_m1536,61,he__he_official_12445451__base_box128_s48_m1536__061,/home/hw646/codex_he_official_roi_candidate_pool_b200/he_official_12445451/base_box128_s48_m1536/candidate_masks/candidate_061.png,candidate_pair_crops/he__he_official_12445451__base_box128_s48_m1536__061_he_reverse_blur_gray.png,candidate_pair_crops/he__he_official_12445451__base_box128_s48_m1536__061_ficture_reverse_blur_gray.png
lung_vessels,vessels,BAD,he,he_official_12445451,base_box160_s64_m1536,337,he__he_official_12445451__base_box160_s64_m1536__337,/home/hw646/codex_he_official_roi_candidate_pool_b200/he_official_12445451/base_box160_s64_m1536/candidate_masks/candidate_337.png,candidate_pair_crops/he__he_official_12445451__base_box160_s64_m1536__337_he_reverse_blur_gray.png,candidate_pair_crops/he__he_official_12445451__base_box160_s64_m1536__337_ficture_reverse_blur_gray.png
lung_vessels,vessels,BAD,he,he_official_12445451,base_box160_s64_m1536,40,he__he_official_12445451__base_box160_s64_m1536__040,/home/hw646/codex_he_official_roi_candidate_pool_b200/he_official_12445451/base_box160_s64_m1536/candidate_masks/candidate_040.png,candidate_pair_crops/he__he_official_12445451__base_box160_s64_m1536__040_he_reverse_blur_gray.png,candidate_pair_crops/he__he_official_12445451__base_box160_s64_m1536__040_ficture_reverse_blur_gray.png
lung_vessels,vessels,BAD,he,he_official_12445451,base_box160_s64_m2048,150,he__he_official_12445451__base_box160_s64_m2048__150,/home/hw646/codex_he_official_roi_candidate_pool_b200/he_official_12445451/base_box160_s64_m2048/candidate_masks/candidate_150.png,candidate_pair_crops/he__he_official_12445451__base_box160_s64_m2048__150_he_reverse_blur_gray.png,candidate_pair_crops/he__he_official_12445451__base_box160_s64_m2048__150_ficture_reverse_blur_gray.png
tumor,tumor,GOOD,ficture,ficture_official_11938226,base_official_points_step32,56,ficture__ficture_official_11938226__base_official_points_step32__056,/nfs/roberts/project/pi_xy48/hw646/Medical-SAM3/results/visium_hd_exp1/ficture_official_filtered_candidate_pool/ficture_official_11938226/base_official_points_step32/candidate_masks/candidate_056.png,candidate_pair_crops/ficture__ficture_official_11938226__base_official_points_step32__056_he_reverse_blur_gray.png,candidate_pair_crops/ficture__ficture_official_11938226__base_official_points_step32__056_ficture_reverse_blur_gray.png
tumor,tumor,GOOD,ficture,ficture_official_11942555,base_official_points_step24,70,ficture__ficture_official_11942555__base_official_points_step24__070,/nfs/roberts/project/pi_xy48/hw646/Medical-SAM3/results/visium_hd_exp1/ficture_official_filtered_candidate_pool/ficture_official_11942555/base_official_points_step24/candidate_masks/candidate_070.png,candidate_pair_crops/ficture__ficture_official_11942555__base_official_points_step24__070_he_reverse_blur_gray.png,candidate_pair_crops/ficture__ficture_official_11942555__base_official_points_step24__070_ficture_reverse_blur_gray.png
tumor,tumor,GOOD,ficture,ficture_official_11940972,base_point80_m1536_p700,5,ficture__ficture_official_11940972__base_point80_m1536_p700__005,/nfs/roberts/project/pi_xy48/hw646/Medical-SAM3/results/visium_hd_exp1/ficture_official_filtered_candidate_pool/ficture_official_11940972/base_point80_m1536_p700/candidate_masks/candidate_005.png,candidate_pair_crops/ficture__ficture_official_11940972__base_point80_m1536_p700__005_he_reverse_blur_gray.png,candidate_pair_crops/ficture__ficture_official_11940972__base_point80_m1536_p700__005_ficture_reverse_blur_gray.png
tumor,tumor,GOOD,ficture,ficture_official_11938229,base_point80_m1536_p700,5,ficture__ficture_official_11938229__base_point80_m1536_p700__005,/nfs/roberts/project/pi_xy48/hw646/Medical-SAM3/results/visium_hd_exp1/ficture_official_filtered_candidate_pool/ficture_official_11938229/base_point80_m1536_p700/candidate_masks/candidate_005.png,candidate_pair_crops/ficture__ficture_official_11938229__base_point80_m1536_p700__005_he_reverse_blur_gray.png,candidate_pair_crops/ficture__ficture_official_11938229__base_point80_m1536_p700__005_ficture_reverse_blur_gray.png
tumor,tumor,GOOD,ficture,ficture_official_11938229,base_point96_m1536_p500,3,ficture__ficture_official_11938229__base_point96_m1536_p500__003,/nfs/roberts/project/pi_xy48/hw646/Medical-SAM3/results/visium_hd_exp1/ficture_official_filtered_candidate_pool/ficture_official_11938229/base_point96_m1536_p500/candidate_masks/candidate_003.png,candidate_pair_crops/ficture__ficture_official_11938229__base_point96_m1536_p500__003_he_reverse_blur_gray.png,candidate_pair_crops/ficture__ficture_official_11938229__base_point96_m1536_p500__003_ficture_reverse_blur_gray.png
tumor,tumor,MID,ficture,ficture_official_11938227,base_box384_s128_m1536,15,ficture__ficture_official_11938227__base_box384_s128_m1536__015,/nfs/roberts/project/pi_xy48/hw646/Medical-SAM3/results/visium_hd_exp1/ficture_official_filtered_candidate_pool/ficture_official_11938227/base_box384_s128_m1536/candidate_masks/candidate_015.png,candidate_pair_crops/ficture__ficture_official_11938227__base_box384_s128_m1536__015_he_reverse_blur_gray.png,candidate_pair_crops/ficture__ficture_official_11938227__base_box384_s128_m1536__015_ficture_reverse_blur_gray.png
tumor,tumor,MID,ficture,ficture_official_11938227,base_box512_s160_m2048,15,ficture__ficture_official_11938227__base_box512_s160_m2048__015,/nfs/roberts/project/pi_xy48/hw646/Medical-SAM3/results/visium_hd_exp1/ficture_official_filtered_candidate_pool/ficture_official_11938227/base_box512_s160_m2048/candidate_masks/candidate_015.png,candidate_pair_crops/ficture__ficture_official_11938227__base_box512_s160_m2048__015_he_reverse_blur_gray.png,candidate_pair_crops/ficture__ficture_official_11938227__base_box512_s160_m2048__015_ficture_reverse_blur_gray.png
tumor,tumor,MID,he,he_official_12445451,medical_box512_s160_m1536,11,he__he_official_12445451__medical_box512_s160_m1536__011,/home/hw646/codex_he_official_roi_candidate_pool_b200/he_official_12445451/medical_box512_s160_m1536/candidate_masks/candidate_011.png,candidate_pair_crops/he__he_official_12445451__medical_box512_s160_m1536__011_he_reverse_blur_gray.png,candidate_pair_crops/he__he_official_12445451__medical_box512_s160_m1536__011_ficture_reverse_blur_gray.png
tumor,tumor,MID,he,he_official_12445451,base_box384_s128_m1536,14,he__he_official_12445451__base_box384_s128_m1536__014,/home/hw646/codex_he_official_roi_candidate_pool_b200/he_official_12445451/base_box384_s128_m1536/candidate_masks/candidate_014.png,candidate_pair_crops/he__he_official_12445451__base_box384_s128_m1536__014_he_reverse_blur_gray.png,candidate_pair_crops/he__he_official_12445451__base_box384_s128_m1536__014_ficture_reverse_blur_gray.png
tumor,tumor,MID,he,he_official_12445451,base_box512_s160_m2048,11,he__he_official_12445451__base_box512_s160_m2048__011,/home/hw646/codex_he_official_roi_candidate_pool_b200/he_official_12445451/base_box512_s160_m2048/candidate_masks/candidate_011.png,candidate_pair_crops/he__he_official_12445451__base_box512_s160_m2048__011_he_reverse_blur_gray.png,candidate_pair_crops/he__he_official_12445451__base_box512_s160_m2048__011_ficture_reverse_blur_gray.png
tumor,tumor,BAD,he,he_official_12445451,base_box160_s64_m1536,215,he__he_official_12445451__base_box160_s64_m1536__215,/home/hw646/codex_he_official_roi_candidate_pool_b200/he_official_12445451/base_box160_s64_m1536/candidate_masks/candidate_215.png,candidate_pair_crops/he__he_official_12445451__base_box160_s64_m1536__215_he_reverse_blur_gray.png,candidate_pair_crops/he__he_official_12445451__base_box160_s64_m1536__215_ficture_reverse_blur_gray.png
tumor,tumor,BAD,he,he_official_12445451,base_box192_s64_m2048,168,he__he_official_12445451__base_box192_s64_m2048__168,/home/hw646/codex_he_official_roi_candidate_pool_b200/he_official_12445451/base_box192_s64_m2048/candidate_masks/candidate_168.png,candidate_pair_crops/he__he_official_12445451__base_box192_s64_m2048__168_he_reverse_blur_gray.png,candidate_pair_crops/he__he_official_12445451__base_box192_s64_m2048__168_ficture_reverse_blur_gray.png
tumor,tumor,BAD,he,he_official_12445451,base_box192_s64_m2048,363,he__he_official_12445451__base_box192_s64_m2048__363,/home/hw646/codex_he_official_roi_candidate_pool_b200/he_official_12445451/base_box192_s64_m2048/candidate_masks/candidate_363.png,candidate_pair_crops/he__he_official_12445451__base_box192_s64_m2048__363_he_reverse_blur_gray.png,candidate_pair_crops/he__he_official_12445451__base_box192_s64_m2048__363_ficture_reverse_blur_gray.png
tumor,tumor,BAD,he,he_official_12445451,base_official_boxes_b192_s48,284,he__he_official_12445451__base_official_boxes_b192_s48__284,/home/hw646/codex_he_official_roi_candidate_pool_b200/he_official_12445451/base_official_boxes_b192_s48/candidate_masks/candidate_284.png,candidate_pair_crops/he__he_official_12445451__base_official_boxes_b192_s48__284_he_reverse_blur_gray.png,candidate_pair_crops/he__he_official_12445451__base_official_boxes_b192_s48__284_ficture_reverse_blur_gray.png
tumor,tumor,BAD,he,he_official_12445451,medical_box160_s64_m1536,143,he__he_official_12445451__medical_box160_s64_m1536__143,/home/hw646/codex_he_official_roi_candidate_pool_b200/he_official_12445451/medical_box160_s64_m1536/candidate_masks/candidate_143.png,candidate_pair_crops/he__he_official_12445451__medical_box160_s64_m1536__143_he_reverse_blur_gray.png,candidate_pair_crops/he__he_official_12445451__medical_box160_s64_m1536__143_ficture_reverse_blur_gray.png
stroma,stroma,GOOD,ficture,ficture_official_11942555,base_official_points_step24,85,ficture__ficture_official_11942555__base_official_points_step24__085,/nfs/roberts/project/pi_xy48/hw646/Medical-SAM3/results/visium_hd_exp1/ficture_official_filtered_candidate_pool/ficture_official_11942555/base_official_points_step24/candidate_masks/candidate_085.png,candidate_pair_crops/ficture__ficture_official_11942555__base_official_points_step24__085_he_reverse_blur_gray.png,candidate_pair_crops/ficture__ficture_official_11942555__base_official_points_step24__085_ficture_reverse_blur_gray.png
stroma,stroma,GOOD,ficture,ficture_official_11938226,base_official_points_step32,56,ficture__ficture_official_11938226__base_official_points_step32__056,/nfs/roberts/project/pi_xy48/hw646/Medical-SAM3/results/visium_hd_exp1/ficture_official_filtered_candidate_pool/ficture_official_11938226/base_official_points_step32/candidate_masks/candidate_056.png,candidate_pair_crops/ficture__ficture_official_11938226__base_official_points_step32__056_he_reverse_blur_gray.png,candidate_pair_crops/ficture__ficture_official_11938226__base_official_points_step32__056_ficture_reverse_blur_gray.png
stroma,stroma,GOOD,he,he_official_12445451,base_official_points_step32,13,he__he_official_12445451__base_official_points_step32__013,/home/hw646/codex_he_official_roi_candidate_pool_b200/he_official_12445451/base_official_points_step32/candidate_masks/candidate_013.png,candidate_pair_crops/he__he_official_12445451__base_official_points_step32__013_he_reverse_blur_gray.png,candidate_pair_crops/he__he_official_12445451__base_official_points_step32__013_ficture_reverse_blur_gray.png
stroma,stroma,GOOD,he,he_official_12445451,base_point64_m1024_p700,6,he__he_official_12445451__base_point64_m1024_p700__006,/home/hw646/codex_he_official_roi_candidate_pool_b200/he_official_12445451/base_point64_m1024_p700/candidate_masks/candidate_006.png,candidate_pair_crops/he__he_official_12445451__base_point64_m1024_p700__006_he_reverse_blur_gray.png,candidate_pair_crops/he__he_official_12445451__base_point64_m1024_p700__006_ficture_reverse_blur_gray.png
stroma,stroma,GOOD,he,he_official_12445451,base_point64_m1536_p900,3,he__he_official_12445451__base_point64_m1536_p900__003,/home/hw646/codex_he_official_roi_candidate_pool_b200/he_official_12445451/base_point64_m1536_p900/candidate_masks/candidate_003.png,candidate_pair_crops/he__he_official_12445451__base_point64_m1536_p900__003_he_reverse_blur_gray.png,candidate_pair_crops/he__he_official_12445451__base_point64_m1536_p900__003_ficture_reverse_blur_gray.png
stroma,stroma,MID,he,he_official_12445451,medical_box384_s128_m2048,34,he__he_official_12445451__medical_box384_s128_m2048__034,/home/hw646/codex_he_official_roi_candidate_pool_b200/he_official_12445451/medical_box384_s128_m2048/candidate_masks/candidate_034.png,candidate_pair_crops/he__he_official_12445451__medical_box384_s128_m2048__034_he_reverse_blur_gray.png,candidate_pair_crops/he__he_official_12445451__medical_box384_s128_m2048__034_ficture_reverse_blur_gray.png
stroma,stroma,MID,ficture,ficture_official_11938226,base_official_boxes_b384_s96,84,ficture__ficture_official_11938226__base_official_boxes_b384_s96__084,/nfs/roberts/project/pi_xy48/hw646/Medical-SAM3/results/visium_hd_exp1/ficture_official_filtered_candidate_pool/ficture_official_11938226/base_official_boxes_b384_s96/candidate_masks/candidate_084.png,candidate_pair_crops/ficture__ficture_official_11938226__base_official_boxes_b384_s96__084_he_reverse_blur_gray.png,candidate_pair_crops/ficture__ficture_official_11938226__base_official_boxes_b384_s96__084_ficture_reverse_blur_gray.png
stroma,stroma,MID,he,he_official_12445451,base_box256_s96_m1536,25,he__he_official_12445451__base_box256_s96_m1536__025,/home/hw646/codex_he_official_roi_candidate_pool_b200/he_official_12445451/base_box256_s96_m1536/candidate_masks/candidate_025.png,candidate_pair_crops/he__he_official_12445451__base_box256_s96_m1536__025_he_reverse_blur_gray.png,candidate_pair_crops/he__he_official_12445451__base_box256_s96_m1536__025_ficture_reverse_blur_gray.png
stroma,stroma,MID,ficture,ficture_official_11938228,medical_box384_s128_m1536,43,ficture__ficture_official_11938228__medical_box384_s128_m1536__043,/nfs/roberts/project/pi_xy48/hw646/Medical-SAM3/results/visium_hd_exp1/ficture_official_filtered_candidate_pool/ficture_official_11938228/medical_box384_s128_m1536/candidate_masks/candidate_043.png,candidate_pair_crops/ficture__ficture_official_11938228__medical_box384_s128_m1536__043_he_reverse_blur_gray.png,candidate_pair_crops/ficture__ficture_official_11938228__medical_box384_s128_m1536__043_ficture_reverse_blur_gray.png
stroma,stroma,MID,ficture,ficture_official_11938227,base_box384_s128_m2048,64,ficture__ficture_official_11938227__base_box384_s128_m2048__064,/nfs/roberts/project/pi_xy48/hw646/Medical-SAM3/results/visium_hd_exp1/ficture_official_filtered_candidate_pool/ficture_official_11938227/base_box384_s128_m2048/candidate_masks/candidate_064.png,candidate_pair_crops/ficture__ficture_official_11938227__base_box384_s128_m2048__064_he_reverse_blur_gray.png,candidate_pair_crops/ficture__ficture_official_11938227__base_box384_s128_m2048__064_ficture_reverse_blur_gray.png
stroma,stroma,BAD,he,he_official_12445451,base_box160_s64_m1536,215,he__he_official_12445451__base_box160_s64_m1536__215,/home/hw646/codex_he_official_roi_candidate_pool_b200/he_official_12445451/base_box160_s64_m1536/candidate_masks/candidate_215.png,candidate_pair_crops/he__he_official_12445451__base_box160_s64_m1536__215_he_reverse_blur_gray.png,candidate_pair_crops/he__he_official_12445451__base_box160_s64_m1536__215_ficture_reverse_blur_gray.png
stroma,stroma,BAD,he,he_official_12445451,base_box192_s64_m2048,168,he__he_official_12445451__base_box192_s64_m2048__168,/home/hw646/codex_he_official_roi_candidate_pool_b200/he_official_12445451/base_box192_s64_m2048/candidate_masks/candidate_168.png,candidate_pair_crops/he__he_official_12445451__base_box192_s64_m2048__168_he_reverse_blur_gray.png,candidate_pair_crops/he__he_official_12445451__base_box192_s64_m2048__168_ficture_reverse_blur_gray.png
stroma,stroma,BAD,he,he_official_12445451,base_box192_s64_m2048,363,he__he_official_12445451__base_box192_s64_m2048__363,/home/hw646/codex_he_official_roi_candidate_pool_b200/he_official_12445451/base_box192_s64_m2048/candidate_masks/candidate_363.png,candidate_pair_crops/he__he_official_12445451__base_box192_s64_m2048__363_he_reverse_blur_gray.png,candidate_pair_crops/he__he_official_12445451__base_box192_s64_m2048__363_ficture_reverse_blur_gray.png
stroma,stroma,BAD,he,he_official_12445451,base_official_boxes_b192_s48,284,he__he_official_12445451__base_official_boxes_b192_s48__284,/home/hw646/codex_he_official_roi_candidate_pool_b200/he_official_12445451/base_official_boxes_b192_s48/candidate_masks/candidate_284.png,candidate_pair_crops/he__he_official_12445451__base_official_boxes_b192_s48__284_he_reverse_blur_gray.png,candidate_pair_crops/he__he_official_12445451__base_official_boxes_b192_s48__284_ficture_reverse_blur_gray.png
stroma,stroma,BAD,he,he_official_12445451,medical_box160_s64_m1536,143,he__he_official_12445451__medical_box160_s64_m1536__143,/home/hw646/codex_he_official_roi_candidate_pool_b200/he_official_12445451/medical_box160_s64_m1536/candidate_masks/candidate_143.png,candidate_pair_crops/he__he_official_12445451__medical_box160_s64_m1536__143_he_reverse_blur_gray.png,candidate_pair_crops/he__he_official_12445451__medical_box160_s64_m1536__143_ficture_reverse_blur_gray.png
immune_infiltration,immune infiltration,GOOD,he,he_official_12445451,medical_official_points_step24,1616,he__he_official_12445451__medical_official_points_step24__1616,/home/hw646/codex_he_official_roi_candidate_pool_b200/he_official_12445451/medical_official_points_step24/candidate_masks/candidate_1616.png,candidate_pair_crops/he__he_official_12445451__medical_official_points_step24__1616_he_reverse_blur_gray.png,candidate_pair_crops/he__he_official_12445451__medical_official_points_step24__1616_ficture_reverse_blur_gray.png
immune_infiltration,immune infiltration,GOOD,he,he_official_12445451,medical_point64_m1024_p700,103,he__he_official_12445451__medical_point64_m1024_p700__103,/home/hw646/codex_he_official_roi_candidate_pool_b200/he_official_12445451/medical_point64_m1024_p700/candidate_masks/candidate_103.png,candidate_pair_crops/he__he_official_12445451__medical_point64_m1024_p700__103_he_reverse_blur_gray.png,candidate_pair_crops/he__he_official_12445451__medical_point64_m1024_p700__103_ficture_reverse_blur_gray.png
immune_infiltration,immune infiltration,GOOD,ficture,ficture_official_11938228,medical_box512_s160_m1536,36,ficture__ficture_official_11938228__medical_box512_s160_m1536__036,/nfs/roberts/project/pi_xy48/hw646/Medical-SAM3/results/visium_hd_exp1/ficture_official_filtered_candidate_pool/ficture_official_11938228/medical_box512_s160_m1536/candidate_masks/candidate_036.png,candidate_pair_crops/ficture__ficture_official_11938228__medical_box512_s160_m1536__036_he_reverse_blur_gray.png,candidate_pair_crops/ficture__ficture_official_11938228__medical_box512_s160_m1536__036_ficture_reverse_blur_gray.png
immune_infiltration,immune infiltration,GOOD,he,he_official_12445451,medical_point48_m1024_p900,204,he__he_official_12445451__medical_point48_m1024_p900__204,/home/hw646/codex_he_official_roi_candidate_pool_b200/he_official_12445451/medical_point48_m1024_p900/candidate_masks/candidate_204.png,candidate_pair_crops/he__he_official_12445451__medical_point48_m1024_p900__204_he_reverse_blur_gray.png,candidate_pair_crops/he__he_official_12445451__medical_point48_m1024_p900__204_ficture_reverse_blur_gray.png
immune_infiltration,immune infiltration,GOOD,he,he_official_12445451,medical_point80_m1024_p500,71,he__he_official_12445451__medical_point80_m1024_p500__071,/home/hw646/codex_he_official_roi_candidate_pool_b200/he_official_12445451/medical_point80_m1024_p500/candidate_masks/candidate_071.png,candidate_pair_crops/he__he_official_12445451__medical_point80_m1024_p500__071_he_reverse_blur_gray.png,candidate_pair_crops/he__he_official_12445451__medical_point80_m1024_p500__071_ficture_reverse_blur_gray.png
immune_infiltration,immune infiltration,MID,he,he_official_12445451,base_box160_s64_m1536,226,he__he_official_12445451__base_box160_s64_m1536__226,/home/hw646/codex_he_official_roi_candidate_pool_b200/he_official_12445451/base_box160_s64_m1536/candidate_masks/candidate_226.png,candidate_pair_crops/he__he_official_12445451__base_box160_s64_m1536__226_he_reverse_blur_gray.png,candidate_pair_crops/he__he_official_12445451__base_box160_s64_m1536__226_ficture_reverse_blur_gray.png
immune_infiltration,immune infiltration,MID,ficture,ficture_official_11940972,medical_point80_m1024_p500,41,ficture__ficture_official_11940972__medical_point80_m1024_p500__041,/nfs/roberts/project/pi_xy48/hw646/Medical-SAM3/results/visium_hd_exp1/ficture_official_filtered_candidate_pool/ficture_official_11940972/medical_point80_m1024_p500/candidate_masks/candidate_041.png,candidate_pair_crops/ficture__ficture_official_11940972__medical_point80_m1024_p500__041_he_reverse_blur_gray.png,candidate_pair_crops/ficture__ficture_official_11940972__medical_point80_m1024_p500__041_ficture_reverse_blur_gray.png
immune_infiltration,immune infiltration,MID,ficture,ficture_official_11938226,base_box128_s48_m1536,327,ficture__ficture_official_11938226__base_box128_s48_m1536__327,/nfs/roberts/project/pi_xy48/hw646/Medical-SAM3/results/visium_hd_exp1/ficture_official_filtered_candidate_pool/ficture_official_11938226/base_box128_s48_m1536/candidate_masks/candidate_327.png,candidate_pair_crops/ficture__ficture_official_11938226__base_box128_s48_m1536__327_he_reverse_blur_gray.png,candidate_pair_crops/ficture__ficture_official_11938226__base_box128_s48_m1536__327_ficture_reverse_blur_gray.png
immune_infiltration,immune infiltration,MID,ficture,ficture_official_11940971,base_box128_s48_m1536,330,ficture__ficture_official_11940971__base_box128_s48_m1536__330,/nfs/roberts/project/pi_xy48/hw646/Medical-SAM3/results/visium_hd_exp1/ficture_official_filtered_candidate_pool/ficture_official_11940971/base_box128_s48_m1536/candidate_masks/candidate_330.png,candidate_pair_crops/ficture__ficture_official_11940971__base_box128_s48_m1536__330_he_reverse_blur_gray.png,candidate_pair_crops/ficture__ficture_official_11940971__base_box128_s48_m1536__330_ficture_reverse_blur_gray.png
immune_infiltration,immune infiltration,MID,ficture,ficture_official_11938229,medical_point48_m1024_p900,90,ficture__ficture_official_11938229__medical_point48_m1024_p900__090,/nfs/roberts/project/pi_xy48/hw646/Medical-SAM3/results/visium_hd_exp1/ficture_official_filtered_candidate_pool/ficture_official_11938229/medical_point48_m1024_p900/candidate_masks/candidate_090.png,candidate_pair_crops/ficture__ficture_official_11938229__medical_point48_m1024_p900__090_he_reverse_blur_gray.png,candidate_pair_crops/ficture__ficture_official_11938229__medical_point48_m1024_p900__090_ficture_reverse_blur_gray.png
immune_infiltration,immune infiltration,BAD,he,he_official_12445451,base_box128_s48_m1536,267,he__he_official_12445451__base_box128_s48_m1536__267,/home/hw646/codex_he_official_roi_candidate_pool_b200/he_official_12445451/base_box128_s48_m1536/candidate_masks/candidate_267.png,candidate_pair_crops/he__he_official_12445451__base_box128_s48_m1536__267_he_reverse_blur_gray.png,candidate_pair_crops/he__he_official_12445451__base_box128_s48_m1536__267_ficture_reverse_blur_gray.png
immune_infiltration,immune infiltration,BAD,he,he_official_12445451,base_box160_s64_m1536,40,he__he_official_12445451__base_box160_s64_m1536__040,/home/hw646/codex_he_official_roi_candidate_pool_b200/he_official_12445451/base_box160_s64_m1536/candidate_masks/candidate_040.png,candidate_pair_crops/he__he_official_12445451__base_box160_s64_m1536__040_he_reverse_blur_gray.png,candidate_pair_crops/he__he_official_12445451__base_box160_s64_m1536__040_ficture_reverse_blur_gray.png
immune_infiltration,immune infiltration,BAD,he,he_official_12445451,base_box160_s64_m1536,215,he__he_official_12445451__base_box160_s64_m1536__215,/home/hw646/codex_he_official_roi_candidate_pool_b200/he_official_12445451/base_box160_s64_m1536/candidate_masks/candidate_215.png,candidate_pair_crops/he__he_official_12445451__base_box160_s64_m1536__215_he_reverse_blur_gray.png,candidate_pair_crops/he__he_official_12445451__base_box160_s64_m1536__215_ficture_reverse_blur_gray.png
immune_infiltration,immune infiltration,BAD,he,he_official_12445451,base_box160_s64_m2048,77,he__he_official_12445451__base_box160_s64_m2048__077,/home/hw646/codex_he_official_roi_candidate_pool_b200/he_official_12445451/base_box160_s64_m2048/candidate_masks/candidate_077.png,candidate_pair_crops/he__he_official_12445451__base_box160_s64_m2048__077_he_reverse_blur_gray.png,candidate_pair_crops/he__he_official_12445451__base_box160_s64_m2048__077_ficture_reverse_blur_gray.png
immune_infiltration,immune infiltration,BAD,he,he_official_12445451,base_box192_s64_m1536,104,he__he_official_12445451__base_box192_s64_m1536__104,/home/hw646/codex_he_official_roi_candidate_pool_b200/he_official_12445451/base_box192_s64_m1536/candidate_masks/candidate_104.png,candidate_pair_crops/he__he_official_12445451__base_box192_s64_m1536__104_he_reverse_blur_gray.png,candidate_pair_crops/he__he_official_12445451__base_box192_s64_m1536__104_ficture_reverse_blur_gray.png
