run,group,backbone,label_set,loss_variant,strategy,epoch,split,loss,ce_img,ce_expr,align,acc_img,acc_expr,macro_f1_img,macro_f1_expr,embed512
cls_gigapath_crop128_3class_gpu_rtx6000_project_v2_11016974,initial,GigaPath,3-class,other,frozen/default,1,train,1.0073382700674045,0.497827456643184,0.5027901238929002,0.013441375316455005,0.7323717948717948,0.7431891025641025,,,False
cls_gigapath_crop128_3class_gpu_rtx6000_project_v2_11016974,initial,GigaPath,3-class,other,frozen/default,1,val,1.6022380466461181,0.7890954432487488,0.807136314201355,0.012012590849399566,0.6288,0.7376,0.5821732402239206,0.6654075332583219,False
cls_gigapath_crop128_3class_gpu_rtx6000_project_v2_11016974,initial,GigaPath,3-class,other,frozen/default,2,train,0.5998493019873515,0.39770920892269945,0.19627366662741855,0.011732855534109358,0.7890625,0.9053485576923077,,,False
cls_gigapath_crop128_3class_gpu_rtx6000_project_v2_11016974,initial,GigaPath,3-class,other,frozen/default,2,val,1.7125842044830322,0.7447244193553925,0.9620694117546081,0.01158075124025345,0.68,0.7544,0.6165829734276443,0.6724369223327278,False
cls_gigapath_crop128_3class_gpu_rtx6000_project_v2_11016974,initial,GigaPath,3-class,other,frozen/default,3,train,0.47478113691203105,0.3667174603025883,0.10253361183314179,0.011060130391389323,0.8044871794871795,0.9520232371794872,,,False
cls_gigapath_crop128_3class_gpu_rtx6000_project_v2_11016974,initial,GigaPath,3-class,other,frozen/default,3,val,1.765080130958557,0.6263015271663666,1.133274934196472,0.011007333835959435,0.734,0.7544,0.6808704941485173,0.6723960315964131,False
cls_gigapath_crop128_3class_gpu_rtx6000_project_v2_11016974,initial,GigaPath,3-class,other,frozen/default,4,train,0.4073261433782486,0.34445196805665124,0.05757399992599415,0.010600350737476196,0.8168068910256411,0.9748597756410257,,,False
cls_gigapath_crop128_3class_gpu_rtx6000_project_v2_11016974,initial,GigaPath,3-class,other,frozen/default,4,val,1.8858278604507446,0.6207823437213897,1.259645125579834,0.010800797054171562,0.7288,0.7524,0.6735264874509115,0.6656720536390893,False
cls_gigapath_crop128_metric_gpu_rtx6000_project_v2_11016973,initial,GigaPath,metric,CE+MSE baseline,frozen/default,1,train,1.2500441334186456,0.4757047415448305,0.7681084499718287,0.012461893594799897,0.6963141025641025,0.5772235576923077,,,False
cls_gigapath_crop128_metric_gpu_rtx6000_project_v2_11016973,initial,GigaPath,metric,CE+MSE baseline,frozen/default,1,val,2.7345210796356203,1.1512908420562744,1.5773119354248046,0.011836627541482448,0.4324,0.416,0.48347384758896583,0.33018740957470427,False
cls_gigapath_crop128_metric_gpu_rtx6000_project_v2_11016973,initial,GigaPath,metric,CE+MSE baseline,frozen/default,2,train,0.49872193337442017,0.2674885180611641,0.22645975128771403,0.009547330531625984,0.7896634615384616,0.8451522435897436,,,False
cls_gigapath_crop128_metric_gpu_rtx6000_project_v2_11016973,initial,GigaPath,metric,CE+MSE baseline,frozen/default,2,val,2.458901451301575,0.9387936902046203,1.5149146681785584,0.010386222457885742,0.5264,0.5436,0.5436408297107305,0.41179102734127765,False
cls_gigapath_crop128_metric_gpu_rtx6000_project_v2_11016973,initial,GigaPath,metric,CE+MSE baseline,frozen/default,3,train,0.34742631488599074,0.22505060677679303,0.11816365271806717,0.008424111910594197,0.8177083333333334,0.9145633012820513,,,False
cls_gigapath_crop128_metric_gpu_rtx6000_project_v2_11016973,initial,GigaPath,metric,CE+MSE baseline,frozen/default,3,val,2.5605912403106688,0.9291874639511108,1.626307780456543,0.010191994377970696,0.56,0.5804,0.5526556424958344,0.4252594409158543,False
cls_gigapath_crop128_metric_gpu_rtx6000_project_v2_11016973,initial,GigaPath,metric,CE+MSE baseline,frozen/default,4,train,0.28523833275987553,0.20229326570645356,0.07902561403954259,0.007838905062108563,0.8337339743589743,0.9431089743589743,,,False
cls_gigapath_crop128_metric_gpu_rtx6000_project_v2_11016973,initial,GigaPath,metric,CE+MSE baseline,frozen/default,4,val,2.5885862079620363,0.9514805891036987,1.6321059111595153,0.009999424459040165,0.5328,0.61,0.5635618359750086,0.43661527683887813,False
cls_gigapath_crop128_metric_gpu_rtx6000_project_v2_11016973,initial,GigaPath,metric,CE+MSE baseline,frozen/default,5,train,0.2432403944623776,0.18598279057261655,0.053547237701236435,0.007420731441249164,0.8409455128205128,0.9593349358974359,,,False
cls_gigapath_crop128_metric_gpu_rtx6000_project_v2_11016973,initial,GigaPath,metric,CE+MSE baseline,frozen/default,5,val,2.745159033203125,0.8745357765197754,1.8657237432479858,0.009799018603563308,0.5892,0.598,0.5743695284508082,0.4204487965362329,False
cls_gigapath_crop128_metric_gpu_rtx6000_project_v2_11016973,initial,GigaPath,metric,CE+MSE baseline,frozen/default,6,train,0.21470449451739207,0.1667916200672969,0.04435241098503749,0.007120927449506827,0.8545673076923077,0.9658453525641025,,,False
cls_gigapath_crop128_metric_gpu_rtx6000_project_v2_11016973,initial,GigaPath,metric,CE+MSE baseline,frozen/default,6,val,3.0732143630981446,1.102192934989929,1.9658653602600098,0.010312166430056096,0.492,0.6016,0.5487977670106032,0.42797078716969295,False
cls_gigapath_crop64_metric_gpu_devel_project_v2_devel_11016957,initial,GigaPath,metric,CE+MSE baseline,frozen/default,1,train,1.1848199650263176,0.41243418924606,0.7662473653849119,0.012276813928157283,0.7380809294871795,0.5775240384615384,,,False
cls_gigapath_crop64_metric_gpu_devel_project_v2_devel_11016957,initial,GigaPath,metric,CE+MSE baseline,frozen/default,1,val,2.5980710933685303,1.0074798629760742,1.5849842880249023,0.01121391355395317,0.5068,0.4172,0.5118441641470971,0.32698225882298587,False
cls_gigapath_crop64_metric_gpu_devel_project_v2_devel_11016957,initial,GigaPath,metric,CE+MSE baseline,frozen/default,2,train,0.43905485851260334,0.2089784497824999,0.2254267792480114,0.00929925709258383,0.8362379807692307,0.8462540064102564,,,False
cls_gigapath_crop64_metric_gpu_devel_project_v2_devel_11016957,initial,GigaPath,metric,CE+MSE baseline,frozen/default,2,val,2.379051701164246,0.8484419759750366,1.5255553671836852,0.010108691945672035,0.6276,0.5408,0.5695620995774722,0.40866882365442553,False
cls_gigapath_crop64_metric_gpu_devel_project_v2_devel_11016957,initial,GigaPath,metric,CE+MSE baseline,frozen/default,3,train,0.28304883933220154,0.16432905993543756,0.11467095855504084,0.008097641722251398,0.8674879807692307,0.9162660256410257,,,False
cls_gigapath_crop64_metric_gpu_devel_project_v2_devel_11016957,initial,GigaPath,metric,CE+MSE baseline,frozen/default,3,val,2.426957611465454,0.8457931744098663,1.5763420921325684,0.009644689065217971,0.6344,0.5948,0.5808162253899913,0.4368213018425581,False
cls_gigapath_crop64_metric_gpu_devel_project_v2_devel_11016957,initial,GigaPath,metric,CE+MSE baseline,frozen/default,4,train,0.2267759014159823,0.1435334965443382,0.0795056416760557,0.007473527192651557,0.8803084935897436,0.9415064102564102,,,False
cls_gigapath_crop64_metric_gpu_devel_project_v2_devel_11016957,initial,GigaPath,metric,CE+MSE baseline,frozen/default,4,val,2.41415893535614,0.7785734011650085,1.6308773087501527,0.009416452062129974,0.6452,0.6124,0.6069411563661617,0.4359079689142086,False
cls_gigapath_crop64_metric_gpu_devel_project_v2_devel_11016957,initial,GigaPath,metric,CE+MSE baseline,frozen/default,5,train,0.17796414584303513,0.12109795962579739,0.05334572488806234,0.0070409237434012955,0.8956330128205128,0.9594350961538461,,,False
cls_gigapath_crop64_metric_gpu_devel_project_v2_devel_11016957,initial,GigaPath,metric,CE+MSE baseline,frozen/default,5,val,2.492150140953064,0.6899279347896576,1.7976776124954224,0.009089191932976247,0.7004,0.614,0.6345545993945972,0.4343272971797564,False
contrastive_resnet50_crop64_rtx6000_project_v2_11016975,initial,ResNet50,metric,other,frozen/default,1,train,,,,,,,,,False
contrastive_resnet50_crop64_rtx6000_project_v2_11016975,initial,ResNet50,metric,other,frozen/default,1,val,,,,,,,,,False
contrastive_resnet50_crop64_rtx6000_project_v2_11016975,initial,ResNet50,metric,other,frozen/default,2,train,,,,,,,,,False
contrastive_resnet50_crop64_rtx6000_project_v2_11016975,initial,ResNet50,metric,other,frozen/default,2,val,,,,,,,,,False
contrastive_resnet50_crop64_rtx6000_project_v2_11016975,initial,ResNet50,metric,other,frozen/default,3,train,,,,,,,,,False
contrastive_resnet50_crop64_rtx6000_project_v2_11016975,initial,ResNet50,metric,other,frozen/default,3,val,,,,,,,,,False
contrastive_resnet50_crop64_rtx6000_project_v2_11016975,initial,ResNet50,metric,other,frozen/default,4,train,,,,,,,,,False
contrastive_resnet50_crop64_rtx6000_project_v2_11016975,initial,ResNet50,metric,other,frozen/default,4,val,,,,,,,,,False
contrastive_resnet50_crop64_rtx6000_project_v2_11016975,initial,ResNet50,metric,other,frozen/default,5,train,,,,,,,,,False
contrastive_resnet50_crop64_rtx6000_project_v2_11016975,initial,ResNet50,metric,other,frozen/default,5,val,,,,,,,,,False
contrastive_resnet50_crop64_rtx6000_project_v2_11016975,initial,ResNet50,metric,other,frozen/default,6,train,,,,,,,,,False
contrastive_resnet50_crop64_rtx6000_project_v2_11016975,initial,ResNet50,metric,other,frozen/default,6,val,,,,,,,,,False
contrastive_resnet50_crop64_rtx6000_project_v2_11016975,initial,ResNet50,metric,other,frozen/default,7,train,,,,,,,,,False
contrastive_resnet50_crop64_rtx6000_project_v2_11016975,initial,ResNet50,metric,other,frozen/default,7,val,,,,,,,,,False
contrastive_resnet50_crop64_rtx6000_project_v2_11016975,initial,ResNet50,metric,other,frozen/default,8,train,,,,,,,,,False
contrastive_resnet50_crop64_rtx6000_project_v2_11016975,initial,ResNet50,metric,other,frozen/default,8,val,,,,,,,,,False
contrastive_resnet50_crop64_rtx6000_project_v2_11016975,initial,ResNet50,metric,other,frozen/default,9,train,,,,,,,,,False
contrastive_resnet50_crop64_rtx6000_project_v2_11016975,initial,ResNet50,metric,other,frozen/default,9,val,,,,,,,,,False
contrastive_resnet50_crop64_rtx6000_project_v2_11016975,initial,ResNet50,metric,other,frozen/default,10,train,,,,,,,,,False
contrastive_resnet50_crop64_rtx6000_project_v2_11016975,initial,ResNet50,metric,other,frozen/default,10,val,,,,,,,,,False
contrastive_resnet50_crop64_rtx6000_project_v2_11016975,initial,ResNet50,metric,other,frozen/default,11,train,,,,,,,,,False
contrastive_resnet50_crop64_rtx6000_project_v2_11016975,initial,ResNet50,metric,other,frozen/default,11,val,,,,,,,,,False
contrastive_resnet50_crop64_rtx6000_project_v2_11016975,initial,ResNet50,metric,other,frozen/default,12,train,,,,,,,,,False
contrastive_resnet50_crop64_rtx6000_project_v2_11016975,initial,ResNet50,metric,other,frozen/default,12,val,,,,,,,,,False
contrastive_resnet50_crop64_rtx6000_project_v2_11016975,initial,ResNet50,metric,other,frozen/default,13,train,,,,,,,,,False
contrastive_resnet50_crop64_rtx6000_project_v2_11016975,initial,ResNet50,metric,other,frozen/default,13,val,,,,,,,,,False
contrastive_resnet50_crop64_rtx6000_project_v2_11016975,initial,ResNet50,metric,other,frozen/default,14,train,,,,,,,,,False
contrastive_resnet50_crop64_rtx6000_project_v2_11016975,initial,ResNet50,metric,other,frozen/default,14,val,,,,,,,,,False
contrastive_resnet50_crop64_rtx6000_project_v2_11016975,initial,ResNet50,metric,other,frozen/default,15,train,,,,,,,,,False
contrastive_resnet50_crop64_rtx6000_project_v2_11016975,initial,ResNet50,metric,other,frozen/default,15,val,,,,,,,,,False
contrastive_resnet50_crop64_rtx6000_project_v2_11016975,initial,ResNet50,metric,other,frozen/default,16,train,,,,,,,,,False
contrastive_resnet50_crop64_rtx6000_project_v2_11016975,initial,ResNet50,metric,other,frozen/default,16,val,,,,,,,,,False
contrastive_resnet50_crop64_rtx6000_project_v2_11016975,initial,ResNet50,metric,other,frozen/default,17,train,,,,,,,,,False
contrastive_resnet50_crop64_rtx6000_project_v2_11016975,initial,ResNet50,metric,other,frozen/default,17,val,,,,,,,,,False
contrastive_resnet50_crop64_rtx6000_project_v2_11016975,initial,ResNet50,metric,other,frozen/default,18,train,,,,,,,,,False
contrastive_resnet50_crop64_rtx6000_project_v2_11016975,initial,ResNet50,metric,other,frozen/default,18,val,,,,,,,,,False
contrastive_resnet50_crop64_rtx6000_project_v2_11016975,initial,ResNet50,metric,other,frozen/default,19,train,,,,,,,,,False
contrastive_resnet50_crop64_rtx6000_project_v2_11016975,initial,ResNet50,metric,other,frozen/default,19,val,,,,,,,,,False
contrastive_resnet50_crop64_rtx6000_project_v2_11016975,initial,ResNet50,metric,other,frozen/default,20,train,,,,,,,,,False
contrastive_resnet50_crop64_rtx6000_project_v2_11016975,initial,ResNet50,metric,other,frozen/default,20,val,,,,,,,,,False
gigapath_crop128_3class_ce_only_11028639_0,loss_ablation,GigaPath,3-class,CE-only,frozen/default,1,train,0.9986346824428974,0.49716342579668915,0.5014712584610933,0.0,0.7309695512820513,0.7442908653846154,,,False
gigapath_crop128_3class_ce_only_11028639_0,loss_ablation,GigaPath,3-class,CE-only,frozen/default,1,val,1.5853983058929444,0.7820893141746521,0.8033090000152587,0.0,0.6412,0.7368,0.5925140991970744,0.6643427015595101,False
gigapath_crop128_3class_ce_only_11028639_0,loss_ablation,GigaPath,3-class,CE-only,frozen/default,2,train,0.5928274805251604,0.39650574075774503,0.19632173845401177,0.0,0.7883613782051282,0.9041466346153846,,,False
gigapath_crop128_3class_ce_only_11028639_0,loss_ablation,GigaPath,3-class,CE-only,frozen/default,2,val,1.7163041297912598,0.7484368747234345,0.9678672588348388,0.0,0.6728,0.7556,0.6092710667626874,0.6730316751379893,False
gigapath_crop128_3class_ce_only_11028639_0,loss_ablation,GigaPath,3-class,CE-only,frozen/default,3,train,0.4724826621703612,0.36893849428265524,0.10354416761308527,0.0,0.8042868589743589,0.9512219551282052,,,False
gigapath_crop128_3class_ce_only_11028639_0,loss_ablation,GigaPath,3-class,CE-only,frozen/default,3,val,1.7812748559951783,0.6382945217370987,1.1429803268432617,0.0,0.7336,0.7608,0.6794147152011151,0.6788562057551691,False
gigapath_crop128_3class_ce_only_11028639_0,loss_ablation,GigaPath,3-class,CE-only,frozen/default,4,train,0.40374262869740146,0.34583391970357835,0.057908708607264534,0.0,0.8142027243589743,0.9738581730769231,,,False
gigapath_crop128_3class_ce_only_11028639_0,loss_ablation,GigaPath,3-class,CE-only,frozen/default,4,val,1.9233736461639404,0.6453099122047424,1.2780637292861938,0.0,0.7212,0.7532,0.6627842685281877,0.6672686268472322,False
gigapath_crop128_3class_ce_only_11028639_0,loss_ablation,GigaPath,3-class,CE-only,frozen/default,5,train,0.3494521887161029,0.3148666398647504,0.03458554881403987,0.0,0.8277243589743589,0.9846754807692307,,,False
gigapath_crop128_3class_ce_only_11028639_0,loss_ablation,GigaPath,3-class,CE-only,frozen/default,5,val,1.9737270179748536,0.5933802838563919,1.3803467308044433,0.0,0.7592,0.7488,0.7077686318820774,0.6646245374114649,False
gigapath_crop128_3class_embed512_ce_only_11037673_3,loss_ablation,GigaPath,3-class,CE-only,frozen/default,1,train,0.9696326128756388,0.5085977510286447,0.4610348603186699,0.0,0.7338741987179487,0.7669270833333334,,,True
gigapath_crop128_3class_embed512_ce_only_11037673_3,loss_ablation,GigaPath,3-class,CE-only,frozen/default,1,val,1.4127059600830079,0.5949608704566955,0.8177450958251953,0.0,0.7336,0.7496,0.6815785571502405,0.6746095684649699,True
gigapath_crop128_3class_embed512_ce_only_11037673_3,loss_ablation,GigaPath,3-class,CE-only,frozen/default,2,train,0.569611215343078,0.4026364262144153,0.16697478936746335,0.0,0.7887620192307693,0.9168669871794872,,,True
gigapath_crop128_3class_embed512_ce_only_11037673_3,loss_ablation,GigaPath,3-class,CE-only,frozen/default,2,val,1.6749753776550294,0.6150965126514435,1.0598788564682007,0.0,0.724,0.7568,0.6741402215638166,0.6799283897874071,True
gigapath_crop128_3class_embed512_ce_only_11037673_3,loss_ablation,GigaPath,3-class,CE-only,frozen/default,3,train,0.4478168918345219,0.3552876215380354,0.09252927049051206,0.0,0.8089943910256411,0.9557291666666666,,,True
gigapath_crop128_3class_embed512_ce_only_11037673_3,loss_ablation,GigaPath,3-class,CE-only,frozen/default,3,val,1.8295285242080688,0.5512641224384308,1.2782643985748292,0.0,0.7764,0.758,0.7305677696461368,0.6752305062051094,True
gigapath_crop128_3class_embed512_ce_only_11037673_3,loss_ablation,GigaPath,3-class,CE-only,frozen/default,4,train,0.41055008850227565,0.3452091394469906,0.06534094957766147,0.0,0.8166065705128205,0.9702524038461539,,,True
gigapath_crop128_3class_embed512_ce_only_11037673_3,loss_ablation,GigaPath,3-class,CE-only,frozen/default,4,val,1.9803860998153686,0.6345709098815918,1.3458151872634887,0.0,0.73,0.7532,0.6718681205922193,0.6682114659442665,True
gigapath_crop128_3class_embed512_infonce_l005_11037673_0,loss_ablation,GigaPath,3-class,CE+InfoNCE 0.05,frozen/default,1,train,1.1254216329409525,0.5085429176688194,0.46059228744930947,3.125728502487525,0.7340745192307693,0.7655248397435898,,,True
gigapath_crop128_3class_embed512_infonce_l005_11037673_0,loss_ablation,GigaPath,3-class,CE+InfoNCE 0.05,frozen/default,1,val,1.5596884399414062,0.5881429340839386,0.8155033224105835,3.1208436729431153,0.7404,0.748,0.6950605878498745,0.6715362267167667,True
gigapath_crop128_3class_embed512_infonce_l005_11037673_0,loss_ablation,GigaPath,3-class,CE+InfoNCE 0.05,frozen/default,2,train,0.7127051292321621,0.40187502454202145,0.169599540430145,2.8246112053210917,0.7892628205128205,0.9174679487179487,,,True
gigapath_crop128_3class_embed512_infonce_l005_11037673_0,loss_ablation,GigaPath,3-class,CE+InfoNCE 0.05,frozen/default,2,val,1.786167108154297,0.5824960878372193,1.049322265434265,3.086974856853485,0.7388,0.7556,0.6892942948343096,0.6827922777176743,True
gigapath_crop128_3class_embed512_infonce_l005_11037673_0,loss_ablation,GigaPath,3-class,CE+InfoNCE 0.05,frozen/default,3,train,0.5845923973963811,0.35543455978712213,0.09541650164203766,2.6748266105468455,0.8114983974358975,0.9548277243589743,,,True
gigapath_crop128_3class_embed512_infonce_l005_11037673_0,loss_ablation,GigaPath,3-class,CE+InfoNCE 0.05,frozen/default,3,val,1.9048838413238525,0.5523882674694062,1.2004485176086426,3.040941073703766,0.7756,0.7592,0.7307874129479214,0.6773853133522544,True
gigapath_crop128_3class_embed512_infonce_l005_11037673_0,loss_ablation,GigaPath,3-class,CE+InfoNCE 0.05,frozen/default,4,train,0.5360716831130095,0.3405811055205189,0.06787833687028466,2.5522447671645727,0.817207532051282,0.96875,,,True
gigapath_crop128_3class_embed512_infonce_l005_11037673_0,loss_ablation,GigaPath,3-class,CE+InfoNCE 0.05,frozen/default,4,val,2.0213326301574708,0.6228472203731537,1.2467963039398193,3.0337822889328003,0.7312,0.7508,0.6716257102070085,0.6643351519855304,True
gigapath_crop128_3class_embed512_infonce_l010_11037673_1,loss_ablation,GigaPath,3-class,CE+InfoNCE 0.10,frozen/default,1,train,1.277129576374323,0.5089264094638519,0.4631513724915492,3.0505179159152203,0.7347756410256411,0.7666266025641025,,,True
gigapath_crop128_3class_embed512_infonce_l010_11037673_1,loss_ablation,GigaPath,3-class,CE+InfoNCE 0.10,frozen/default,1,val,1.7138931652069092,0.5963127231121064,0.8116522464752197,3.0592818111419677,0.736,0.748,0.6857868973691739,0.6720997881131354,True
gigapath_crop128_3class_embed512_infonce_l010_11037673_1,loss_ablation,GigaPath,3-class,CE+InfoNCE 0.10,frozen/default,2,train,0.8436814351723745,0.4012146442889785,0.17393539258493826,2.6853139148308682,0.7905649038461539,0.9154647435897436,,,True
gigapath_crop128_3class_embed512_infonce_l010_11037673_1,loss_ablation,GigaPath,3-class,CE+InfoNCE 0.10,frozen/default,2,val,1.9177686813354493,0.5959286988735198,1.0223487670898437,2.9949119522094727,0.7324,0.7576,0.6853669832369143,0.6862301446766091,True
gigapath_crop128_3class_embed512_infonce_l010_11037673_1,loss_ablation,GigaPath,3-class,CE+InfoNCE 0.10,frozen/default,3,train,0.6960995795252995,0.35275962351797485,0.0986680879812831,2.446718625533275,0.8119991987179487,0.953125,,,True
gigapath_crop128_3class_embed512_infonce_l010_11037673_1,loss_ablation,GigaPath,3-class,CE+InfoNCE 0.10,frozen/default,3,val,2.0448680801391603,0.5539368348121643,1.194997520828247,2.9593371106147766,0.7708,0.7604,0.726420094397359,0.682493150562426,True
gigapath_crop128_3class_embed512_infonce_l010_11037673_1,loss_ablation,GigaPath,3-class,CE+InfoNCE 0.10,frozen/default,4,train,0.6340282795329889,0.33710093029703087,0.07333173841620103,2.235956067076096,0.8203125,0.9683493589743589,,,True
gigapath_crop128_3class_embed512_infonce_l010_11037673_1,loss_ablation,GigaPath,3-class,CE+InfoNCE 0.10,frozen/default,4,val,2.1683030685424804,0.6644840565681458,1.2078282377243041,2.959907645606995,0.7164,0.7544,0.6566768648902782,0.6784543375547211,True
gigapath_crop128_3class_embed512_infonce_l020_11037673_2,loss_ablation,GigaPath,3-class,CE+InfoNCE 0.20,frozen/default,1,train,1.5670678437902377,0.5098093176881472,0.46564536749456936,2.95806570771413,0.7348758012820513,0.7634214743589743,,,True
gigapath_crop128_3class_embed512_infonce_l020_11037673_2,loss_ablation,GigaPath,3-class,CE+InfoNCE 0.20,frozen/default,1,val,1.9889779190063477,0.5838524901866913,0.8096468629837036,2.97739280090332,0.748,0.7484,0.7007669113470311,0.6741256058925501,True
gigapath_crop128_3class_embed512_infonce_l020_11037673_2,loss_ablation,GigaPath,3-class,CE+InfoNCE 0.20,frozen/default,2,train,1.075782758112137,0.40047829361775744,0.18182448572359788,2.4673998539264383,0.7893629807692307,0.9150641025641025,,,True
gigapath_crop128_3class_embed512_infonce_l020_11037673_2,loss_ablation,GigaPath,3-class,CE+InfoNCE 0.20,frozen/default,2,val,2.1937061126708985,0.5947608380794526,1.0168507738113404,2.9104723989486696,0.7324,0.7576,0.6889818651269503,0.6842861034474015,True
gigapath_crop128_3class_embed512_infonce_l020_11037673_2,loss_ablation,GigaPath,3-class,CE+InfoNCE 0.20,frozen/default,3,train,0.8790863496370804,0.3514490505346121,0.10892241335927676,2.093574413504356,0.8162059294871795,0.9502203525641025,,,True
gigapath_crop128_3class_embed512_infonce_l020_11037673_2,loss_ablation,GigaPath,3-class,CE+InfoNCE 0.20,frozen/default,3,val,2.3063407665252686,0.5499063450813293,1.181300266647339,2.8756706226348876,0.7728,0.7592,0.7292053348900343,0.6836896732008914,True
gigapath_crop128_3class_embed512_infonce_l020_11037673_2,loss_ablation,GigaPath,3-class,CE+InfoNCE 0.20,frozen/default,4,train,0.7794234584539365,0.33645127856960666,0.08456681492493655,1.7920267967841563,0.8208133012820513,0.9655448717948718,,,True
gigapath_crop128_3class_embed512_infonce_l020_11037673_2,loss_ablation,GigaPath,3-class,CE+InfoNCE 0.20,frozen/default,4,val,2.4296074378967285,0.6599216172218323,1.197204058456421,2.862408753013611,0.7156,0.7444,0.6583024730355161,0.6696053142347097,True
gigapath_crop128_3class_infonce_l005_11028639_1,loss_ablation,GigaPath,3-class,CE+InfoNCE 0.05,frozen/default,1,train,1.1582253829408915,0.49780048683094674,0.503621433646633,3.136069282507285,0.7308693910256411,0.7434895833333334,,,False
gigapath_crop128_3class_infonce_l005_11028639_1,loss_ablation,GigaPath,3-class,CE+InfoNCE 0.05,frozen/default,1,val,1.7301419981002808,0.7747871409416198,0.7936989862442017,3.2331175191879273,0.6432,0.7368,0.5938205464504861,0.6635135529121994,False
gigapath_crop128_3class_infonce_l005_11028639_1,loss_ablation,GigaPath,3-class,CE+InfoNCE 0.05,frozen/default,2,train,0.7369303397643261,0.3962708968096055,0.2010685790401812,2.791817150054834,0.7894631410256411,0.9026442307692307,,,False
gigapath_crop128_3class_infonce_l005_11028639_1,loss_ablation,GigaPath,3-class,CE+InfoNCE 0.05,frozen/default,2,val,1.7855132654190065,0.7102011239051819,0.9118434232711792,3.2693741710662843,0.6912,0.7568,0.6287008204118115,0.6799412990339476,False
gigapath_crop128_3class_infonce_l005_11028639_1,loss_ablation,GigaPath,3-class,CE+InfoNCE 0.05,frozen/default,3,train,0.6057302065384693,0.36709100595460487,0.10966716803467044,2.579440619700994,0.8055889423076923,0.9501201923076923,,,False
gigapath_crop128_3class_infonce_l005_11028639_1,loss_ablation,GigaPath,3-class,CE+InfoNCE 0.05,frozen/default,3,val,1.856545837020874,0.6254743769168853,1.06823359375,3.2567569211959837,0.7356,0.7548,0.6826976479759498,0.6730270825845984,False
gigapath_crop128_3class_infonce_l005_11028639_1,loss_ablation,GigaPath,3-class,CE+InfoNCE 0.05,frozen/default,4,train,0.5288416635340605,0.34398704609618735,0.06486156571787806,2.399860981565255,0.8178084935897436,0.9721554487179487,,,False
gigapath_crop128_3class_infonce_l005_11028639_1,loss_ablation,GigaPath,3-class,CE+InfoNCE 0.05,frozen/default,4,val,1.9523941299438476,0.6427902765750885,1.1487941373825072,3.2161943097114563,0.7172,0.7508,0.659030387758803,0.6777565135722886,False
gigapath_crop128_3class_infonce_l010_11028639_2,loss_ablation,GigaPath,3-class,CE+InfoNCE 0.10,frozen/default,1,train,1.3083884561291108,0.49945403076708317,0.5068519156999313,3.020825045995223,0.7308693910256411,0.7415865384615384,,,False
gigapath_crop128_3class_infonce_l010_11028639_2,loss_ablation,GigaPath,3-class,CE+InfoNCE 0.10,frozen/default,1,val,1.861579174232483,0.7684249652862549,0.7825501333236694,3.106040733242035,0.6496,0.7356,0.5991530833538751,0.664696136671617,False
gigapath_crop128_3class_infonce_l010_11028639_2,loss_ablation,GigaPath,3-class,CE+InfoNCE 0.10,frozen/default,2,train,0.8663320218523344,0.40189315947011495,0.20893372537998053,2.5550512923644138,0.7878605769230769,0.9006410256410257,,,False
gigapath_crop128_3class_infonce_l010_11028639_2,loss_ablation,GigaPath,3-class,CE+InfoNCE 0.10,frozen/default,2,val,1.9366025234222413,0.7245355542659759,0.8977583209991455,3.1430865975379945,0.6856,0.752,0.6225833935809972,0.6766361798693569,False
gigapath_crop128_3class_infonce_l010_11028639_2,loss_ablation,GigaPath,3-class,CE+InfoNCE 0.10,frozen/default,3,train,0.7132687259178895,0.36996459913177365,0.11849424057305814,2.2480988116600575,0.8060897435897436,0.9468149038461539,,,False
gigapath_crop128_3class_infonce_l010_11028639_2,loss_ablation,GigaPath,3-class,CE+InfoNCE 0.10,frozen/default,3,val,1.9721057933807373,0.6033521711826324,1.0535448760986328,3.1520874038696287,0.7432,0.7528,0.6930073025655242,0.6730509124946257,False
gigapath_crop128_3class_infonce_l010_11028639_2,loss_ablation,GigaPath,3-class,CE+InfoNCE 0.10,frozen/default,4,train,0.6185551568483695,0.3459172612056136,0.07191405544439569,2.0072383678112273,0.8140024038461539,0.971854967948718,,,False
gigapath_crop128_3class_infonce_l010_11028639_2,loss_ablation,GigaPath,3-class,CE+InfoNCE 0.10,frozen/default,4,val,2.0734146224975585,0.6078457733869552,1.155874061203003,3.0969478404045105,0.7348,0.7492,0.6804308206841402,0.6745881645623615,False
gigapath_crop128_3class_infonce_l020_11028639_3,loss_ablation,GigaPath,3-class,CE+InfoNCE 0.20,frozen/default,1,train,1.5933327067356844,0.49983513694352066,0.5146026648581028,2.8944744559434743,0.7307692307692307,0.7404847756410257,,,False
gigapath_crop128_3class_infonce_l020_11028639_3,loss_ablation,GigaPath,3-class,CE+InfoNCE 0.20,frozen/default,1,val,2.09965266456604,0.7200476024627686,0.7764253995895386,3.0158982278823854,0.6828,0.7376,0.6284251174975579,0.6704356334807061,False
gigapath_crop128_3class_infonce_l020_11028639_3,loss_ablation,GigaPath,3-class,CE+InfoNCE 0.20,frozen/default,2,train,1.0866376301034903,0.4032626293408565,0.2286301497489405,2.2737242113321257,0.7881610576923077,0.8952323717948718,,,False
gigapath_crop128_3class_infonce_l020_11028639_3,loss_ablation,GigaPath,3-class,CE+InfoNCE 0.20,frozen/default,2,val,2.2051672985076904,0.7111245623588562,0.8893878828048706,3.023274148654938,0.6932,0.7444,0.6300272070891867,0.6651298521430138,False
gigapath_crop128_3class_infonce_l020_11028639_3,loss_ablation,GigaPath,3-class,CE+InfoNCE 0.20,frozen/default,3,train,0.8816659761927067,0.37003727849477375,0.1371113387748408,1.872586768407088,0.8051883012820513,0.9389022435897436,,,False
gigapath_crop128_3class_infonce_l020_11028639_3,loss_ablation,GigaPath,3-class,CE+InfoNCE 0.20,frozen/default,3,val,2.2244862369537355,0.5912532500982285,1.031314061164856,3.009594535923004,0.7464,0.7508,0.6940543416402617,0.671841948814972,False
gigapath_crop128_3class_infonce_l020_11028639_3,loss_ablation,GigaPath,3-class,CE+InfoNCE 0.20,frozen/default,4,train,0.7478064518326368,0.3456558484870654,0.0891628842203854,1.564938560510293,0.8153044871794872,0.9644431089743589,,,False
gigapath_crop128_3class_infonce_l020_11028639_3,loss_ablation,GigaPath,3-class,CE+InfoNCE 0.20,frozen/default,4,val,2.305451748275757,0.5990289592266083,1.1128188541412354,2.9680196204185485,0.7412,0.7456,0.686535330463685,0.6687147670375165,False
gigapath_crop128_3class_infonce_l020_11028639_3,loss_ablation,GigaPath,3-class,CE+InfoNCE 0.20,frozen/default,5,train,0.6408533839843212,0.3165291905498657,0.05727225411922122,1.3352596801825058,0.8267227564102564,0.9795673076923077,,,False
gigapath_crop128_3class_infonce_l020_11028639_3,loss_ablation,GigaPath,3-class,CE+InfoNCE 0.20,frozen/default,5,val,2.389709523010254,0.5881621312856674,1.2055987760543823,2.979742998504639,0.7524,0.7456,0.6981122725896274,0.6668671492614983,False
gigapath_crop128_3class_infonce_l050_11028639_4,loss_ablation,GigaPath,3-class,CE+InfoNCE 0.50,frozen/default,1,train,2.4147602117214446,0.509332093434074,0.5391737086555133,2.732508814105621,0.7255608974358975,0.7294671474358975,,,False
gigapath_crop128_3class_infonce_l050_11028639_4,loss_ablation,GigaPath,3-class,CE+InfoNCE 0.50,frozen/default,1,val,2.928173941040039,0.6906603994369507,0.7817944038391114,2.911438315010071,0.6956,0.7256,0.6424311926605505,0.6557252694312287,False
gigapath_crop128_3class_infonce_l050_11028639_4,loss_ablation,GigaPath,3-class,CE+InfoNCE 0.50,frozen/default,2,train,1.6562286126307952,0.4128277664287732,0.2805016884245934,1.9257983160324585,0.7869591346153846,0.870292467948718,,,False
gigapath_crop128_3class_infonce_l050_11028639_4,loss_ablation,GigaPath,3-class,CE+InfoNCE 0.50,frozen/default,2,val,2.9485627304077147,0.6571868958473206,0.8508408765792846,2.88106991147995,0.7088,0.7432,0.6452695869378005,0.667511105049669,False
gigapath_crop128_3class_infonce_l050_11028639_4,loss_ablation,GigaPath,3-class,CE+InfoNCE 0.50,frozen/default,3,train,1.2985252976799622,0.38042129452029866,0.1831887508623111,1.4698305057409482,0.8021834935897436,0.9165665064102564,,,False
gigapath_crop128_3class_infonce_l050_11028639_4,loss_ablation,GigaPath,3-class,CE+InfoNCE 0.50,frozen/default,3,val,3.0213959407806397,0.6030456825017929,0.9788727325439454,2.8789550448417662,0.738,0.746,0.6828308072975808,0.6700919491708376,False
gigapath_crop128_3class_infonce_l050_11028639_4,loss_ablation,GigaPath,3-class,CE+InfoNCE 0.50,frozen/default,4,train,1.0656192163244271,0.35810017769630903,0.13167252170686156,1.1516930245054073,0.8100961538461539,0.9443108974358975,,,False
gigapath_crop128_3class_infonce_l050_11028639_4,loss_ablation,GigaPath,3-class,CE+InfoNCE 0.50,frozen/default,4,val,3.08317227935791,0.5780104485750198,1.0356132488250733,2.939097165775299,0.7488,0.7452,0.6971017893979177,0.6719153908731405,False
gigapath_crop128_3class_infonce_l050_11028639_4,loss_ablation,GigaPath,3-class,CE+InfoNCE 0.50,frozen/default,5,train,0.8928052823130901,0.3293325570531381,0.09404571328121118,0.9388540167457018,0.8214142628205128,0.9619391025641025,,,False
gigapath_crop128_3class_infonce_l050_11028639_4,loss_ablation,GigaPath,3-class,CE+InfoNCE 0.50,frozen/default,5,val,3.202592128753662,0.6054351724386215,1.1036149940490723,2.987083907699585,0.7404,0.7452,0.6876614948671556,0.6714797918036469,False
gigapath_crop128_3class_infonce_l050_11028639_4,loss_ablation,GigaPath,3-class,CE+InfoNCE 0.50,frozen/default,6,train,0.7693571302180107,0.30290192389526427,0.07812538736452086,0.776659639695516,0.8379407051282052,0.9680488782051282,,,False
gigapath_crop128_3class_infonce_l050_11028639_4,loss_ablation,GigaPath,3-class,CE+InfoNCE 0.50,frozen/default,6,val,3.200904243850708,0.5512596153140068,1.1371961406707765,3.024896996307373,0.7808,0.7372,0.7375974167029785,0.6677076616558945,False
gigapath_crop128_3class_infonce_only_11028639_5,loss_ablation,GigaPath,3-class,InfoNCE-only,frozen/default,1,train,2.5916739293398003,1.1490296761576946,1.3788671375085146,2.5916739293398003,0.3424479166666667,0.33533653846153844,,,False
gigapath_crop128_3class_infonce_only_11028639_5,loss_ablation,GigaPath,3-class,InfoNCE-only,frozen/default,1,val,2.8249935901641847,1.3005206712722779,1.1595274477005004,2.8249935901641847,0.3108,0.42,0.26042415289845416,0.2544910187105098,False
gigapath_crop128_3class_infonce_only_11028639_5,loss_ablation,GigaPath,3-class,InfoNCE-only,frozen/default,2,train,1.6321208748297813,1.1865848570297926,1.25151165555685,1.6321208748297813,0.32922676282051283,0.355068108974359,,,False
gigapath_crop128_3class_infonce_only_11028639_5,loss_ablation,GigaPath,3-class,InfoNCE-only,frozen/default,2,val,2.7662311891555786,1.328876220703125,1.154624278831482,2.7662311891555786,0.2812,0.404,0.2558069888246085,0.26473931924460004,False
gigapath_crop128_3class_infonce_only_11028639_5,loss_ablation,GigaPath,3-class,InfoNCE-only,frozen/default,3,train,1.1815994744881606,1.222030024880018,1.1842592989022915,1.1815994744881606,0.30138221153846156,0.3835136217948718,,,False
gigapath_crop128_3class_infonce_only_11028639_5,loss_ablation,GigaPath,3-class,InfoNCE-only,frozen/default,3,val,2.823085551071167,1.2653473175048828,1.1177072818756104,2.823085551071167,0.2864,0.424,0.2610590097593892,0.33837290022148747,False
gigapath_crop128_3class_infonce_only_11028639_5,loss_ablation,GigaPath,3-class,InfoNCE-only,frozen/default,4,train,0.8721432588421382,1.2063056020400462,1.1503311105263538,0.8721432588421382,0.30298477564102566,0.39082532051282054,,,False
gigapath_crop128_3class_infonce_only_11028639_5,loss_ablation,GigaPath,3-class,InfoNCE-only,frozen/default,4,val,2.944936201477051,1.2492093620300293,1.1134349462509154,2.944936201477051,0.2452,0.4112,0.240254702144028,0.3436369289822958,False
gigapath_crop128_8class_ce_only_11028639_6,loss_ablation,GigaPath,8-class,CE-only,frozen/default,1,train,1.242824917802444,0.4758968551476032,0.7669280603623543,0.0,0.6955128205128205,0.5777243589743589,,,False
gigapath_crop128_8class_ce_only_11028639_6,loss_ablation,GigaPath,8-class,CE-only,frozen/default,1,val,2.7363050678253176,1.1573587341308593,1.578946333694458,0.0,0.4216,0.4136,0.48139513355667213,0.3270709097113276,False
gigapath_crop128_8class_ce_only_11028639_6,loss_ablation,GigaPath,8-class,CE-only,frozen/default,2,train,0.49556267223297024,0.2677173233137299,0.22784535030428416,0.0,0.7904647435897436,0.8443509615384616,,,False
gigapath_crop128_8class_ce_only_11028639_6,loss_ablation,GigaPath,8-class,CE-only,frozen/default,2,val,2.457551189804077,0.9496204546928406,1.5079307376861573,0.0,0.5284,0.546,0.5433923220938461,0.413320066436622,False
gigapath_crop128_8class_ce_only_11028639_6,loss_ablation,GigaPath,8-class,CE-only,frozen/default,3,train,0.34225381347231376,0.2247678940781416,0.11748591997326376,0.0,0.8182091346153846,0.9139623397435898,,,False
gigapath_crop128_8class_ce_only_11028639_6,loss_ablation,GigaPath,8-class,CE-only,frozen/default,3,val,2.5534101860046388,0.9412445217132568,1.612165661907196,0.0,0.5484,0.584,0.5467162616666211,0.4261405746786169,False
gigapath_crop128_8class_ce_only_11028639_6,loss_ablation,GigaPath,8-class,CE-only,frozen/default,4,train,0.2837074086165581,0.2025783536119912,0.08112905530008273,0.0,0.8354366987179487,0.940604967948718,,,False
gigapath_crop128_8class_ce_only_11028639_6,loss_ablation,GigaPath,8-class,CE-only,frozen/default,4,val,2.626255034637451,0.9976383593559265,1.6286166751861573,0.0,0.5024,0.6184,0.5525491322643649,0.43768155019133337,False
gigapath_crop128_8class_ce_only_11028639_6,loss_ablation,GigaPath,8-class,CE-only,frozen/default,5,train,0.24026088816567492,0.18733876555537185,0.05292212259090052,0.0,0.8427483974358975,0.9585336538461539,,,False
gigapath_crop128_8class_ce_only_11028639_6,loss_ablation,GigaPath,8-class,CE-only,frozen/default,5,val,2.7112340965271,0.8893529684066772,1.8218811475753784,0.0,0.58,0.6108,0.5774747756910459,0.4336441960345918,False
gigapath_crop128_8class_ce_only_11028639_6,loss_ablation,GigaPath,8-class,CE-only,frozen/default,6,train,0.2100279520576199,0.16602258219455296,0.04400537008992755,0.0,0.8542668269230769,0.9651442307692307,,,False
gigapath_crop128_8class_ce_only_11028639_6,loss_ablation,GigaPath,8-class,CE-only,frozen/default,6,val,3.041827333831787,1.0434358417510987,1.9983914949417114,0.0,0.5088,0.596,0.560092213130011,0.416762614549888,False
gigapath_crop128_8class_infonce_l005_11028639_7,loss_ablation,GigaPath,8-class,CE+InfoNCE 0.05,frozen/default,1,train,1.3846505783880367,0.4764274967691073,0.7652154537156607,2.860152543355257,0.6954126602564102,0.5797275641025641,,,False
gigapath_crop128_8class_infonce_l005_11028639_7,loss_ablation,GigaPath,8-class,CE+InfoNCE 0.05,frozen/default,1,val,2.8484052646636964,1.1133629968643188,1.5638664890289307,3.4235153089523314,0.4452,0.4176,0.4888976071283439,0.32724371040613126,False
gigapath_crop128_8class_infonce_l005_11028639_7,loss_ablation,GigaPath,8-class,CE+InfoNCE 0.05,frozen/default,2,train,0.6063691969865408,0.2671016865911392,0.2279339938496168,2.226670373708774,0.7928685897435898,0.8431490384615384,,,False
gigapath_crop128_8class_infonce_l005_11028639_7,loss_ablation,GigaPath,8-class,CE+InfoNCE 0.05,frozen/default,2,val,2.575643000793457,0.9307521637916565,1.4816443146705627,3.2649307312011717,0.542,0.5336,0.5527338187641004,0.4051422011542863,False
gigapath_crop128_8class_infonce_l005_11028639_7,loss_ablation,GigaPath,8-class,CE+InfoNCE 0.05,frozen/default,3,train,0.44356571376705783,0.22475318933049074,0.12020348864368713,1.9721806867000384,0.8193108974358975,0.9143629807692307,,,False
gigapath_crop128_8class_infonce_l005_11028639_7,loss_ablation,GigaPath,8-class,CE+InfoNCE 0.05,frozen/default,3,val,2.6410988285064696,0.9117801956176758,1.5599023614883423,3.3883252588272095,0.568,0.5836,0.5538406293291449,0.4314604375156592,False
gigapath_crop128_8class_infonce_l005_11028639_7,loss_ablation,GigaPath,8-class,CE+InfoNCE 0.05,frozen/default,4,train,0.374316748804771,0.20106320324329993,0.0833220614765126,1.798629635419601,0.8331330128205128,0.9382011217948718,,,False
gigapath_crop128_8class_infonce_l005_11028639_7,loss_ablation,GigaPath,8-class,CE+InfoNCE 0.05,frozen/default,4,val,2.6784636182785033,0.9237276165008544,1.585596024608612,3.382799477672577,0.5508,0.6192,0.5652005323550815,0.439213740116696,False
gigapath_crop128_8class_infonce_l005_11028639_7,loss_ablation,GigaPath,8-class,CE+InfoNCE 0.05,frozen/default,5,train,0.3279250018203106,0.1849294287415269,0.05877511121798307,1.6844091904469025,0.8461538461538461,0.9560296474358975,,,False
gigapath_crop128_8class_infonce_l005_11028639_7,loss_ablation,GigaPath,8-class,CE+InfoNCE 0.05,frozen/default,5,val,2.804671167373657,0.8148114916801452,1.8186961263656616,3.423270682144165,0.618,0.5948,0.5816753649835968,0.42343782615253434,False
gigapath_crop128_8class_infonce_l005_11028639_7,loss_ablation,GigaPath,8-class,CE+InfoNCE 0.05,frozen/default,6,train,0.2888407565844365,0.1644979188672434,0.04597955072024025,1.567265699689205,0.8553685897435898,0.9650440705128205,,,False
gigapath_crop128_8class_infonce_l005_11028639_7,loss_ablation,GigaPath,8-class,CE+InfoNCE 0.05,frozen/default,6,val,3.1482263332366944,1.0533338468551636,1.9198910900115966,3.5000275478363037,0.5124,0.6192,0.5518090314029951,0.4324738145606877,False
gigapath_crop128_8class_infonce_l010_11028639_8,loss_ablation,GigaPath,8-class,CE+InfoNCE 0.10,frozen/default,1,train,1.5232869377120948,0.4800225600409202,0.7689580171822737,2.74306351175675,0.6937099358974359,0.5771233974358975,,,False
gigapath_crop128_8class_infonce_l010_11028639_8,loss_ablation,GigaPath,8-class,CE+InfoNCE 0.10,frozen/default,1,val,3.0174296798706055,1.1318779739379883,1.5649120491027833,3.206396591472626,0.4308,0.418,0.4839342020865032,0.32810652145252817,False
gigapath_crop128_8class_infonce_l010_11028639_8,loss_ablation,GigaPath,8-class,CE+InfoNCE 0.10,frozen/default,2,train,0.708420812128446,0.2702685814494124,0.235226594341489,2.0292563090721765,0.7916666666666666,0.8410456730769231,,,False
gigapath_crop128_8class_infonce_l010_11028639_8,loss_ablation,GigaPath,8-class,CE+InfoNCE 0.10,frozen/default,2,val,2.7117259651184082,0.9419518988609314,1.462724304962158,3.070497597408295,0.5308,0.542,0.5452579766535276,0.4160834344665791,False
gigapath_crop128_8class_infonce_l010_11028639_8,loss_ablation,GigaPath,8-class,CE+InfoNCE 0.10,frozen/default,3,train,0.5301994500347437,0.2289062305711783,0.127145410885509,1.7414780488381019,0.8188100961538461,0.9111578525641025,,,False
gigapath_crop128_8class_infonce_l010_11028639_8,loss_ablation,GigaPath,8-class,CE+InfoNCE 0.10,frozen/default,3,val,2.7408005268096924,0.9134576581001281,1.5119942211151123,3.153486567687988,0.5544,0.588,0.5506602290177616,0.4370143359721259,False
gigapath_crop128_8class_infonce_l010_11028639_8,loss_ablation,GigaPath,8-class,CE+InfoNCE 0.10,frozen/default,4,train,0.45012994406697077,0.20449214260308787,0.09174871216050516,1.5388908550525322,0.8348357371794872,0.9358974358974359,,,False
gigapath_crop128_8class_infonce_l010_11028639_8,loss_ablation,GigaPath,8-class,CE+InfoNCE 0.10,frozen/default,4,val,2.811848034858704,0.9392828088760375,1.558208204460144,3.1435700717926025,0.5436,0.6136,0.5605046491803781,0.44599419327783696,False
gigapath_crop128_8class_infonce_l010_11028639_8,loss_ablation,GigaPath,8-class,CE+InfoNCE 0.10,frozen/default,5,train,0.3910345600392574,0.18659737123510775,0.06472332403362276,1.3971386146851075,0.8456530448717948,0.9555288461538461,,,False
gigapath_crop128_8class_infonce_l010_11028639_8,loss_ablation,GigaPath,8-class,CE+InfoNCE 0.10,frozen/default,5,val,2.8926986434936524,0.8195086441993713,1.7565886821746826,3.1660131715774535,0.6208,0.5992,0.5814714477576741,0.43110890242991073,False
gigapath_crop128_8class_infonce_l010_11028639_8,loss_ablation,GigaPath,8-class,CE+InfoNCE 0.10,frozen/default,6,train,0.3457764476919786,0.16771868353661817,0.05224820336279196,1.258095576786078,0.8576722756410257,0.9616386217948718,,,False
gigapath_crop128_8class_infonce_l010_11028639_8,loss_ablation,GigaPath,8-class,CE+InfoNCE 0.10,frozen/default,6,val,3.1876497257232668,1.0138662154197693,1.8506199838638306,3.2316352100372314,0.5244,0.6088,0.5545700566277451,0.43023358489900554,False
gigapath_crop128_8class_infonce_l020_11028639_9,loss_ablation,GigaPath,8-class,CE+InfoNCE 0.20,frozen/default,1,train,1.792791907603924,0.4900579636391157,0.7808323981097112,2.6095076692410006,0.6900040064102564,0.5715144230769231,,,False
gigapath_crop128_8class_infonce_l020_11028639_9,loss_ablation,GigaPath,8-class,CE+InfoNCE 0.20,frozen/default,1,val,3.328925824737549,1.1638787467956544,1.5611473091125487,3.01949888381958,0.4104,0.4084,0.46934132049925903,0.3288026756525671,False
gigapath_crop128_8class_infonce_l020_11028639_9,loss_ablation,GigaPath,8-class,CE+InfoNCE 0.20,frozen/default,2,train,0.8915189965986289,0.27694341719437104,0.2515454630916699,1.8151505478681662,0.7904647435897436,0.83203125,,,False
gigapath_crop128_8class_infonce_l020_11028639_9,loss_ablation,GigaPath,8-class,CE+InfoNCE 0.20,frozen/default,2,val,2.988897894668579,0.9463859354019165,1.45548107213974,2.9351543190002443,0.5388,0.5316,0.5457795686480507,0.40816346867734876,False
gigapath_crop128_8class_infonce_l020_11028639_9,loss_ablation,GigaPath,8-class,CE+InfoNCE 0.20,frozen/default,3,train,0.6792865335368193,0.23407613271130964,0.14510661909261194,1.5005188775368226,0.8169070512820513,0.8988381410256411,,,False
gigapath_crop128_8class_infonce_l020_11028639_9,loss_ablation,GigaPath,8-class,CE+InfoNCE 0.20,frozen/default,3,val,3.0065331439971925,0.9083122018814087,1.5053382472991943,2.964413339424133,0.5568,0.5744,0.5488095775320314,0.42692948155799604,False
gigapath_crop128_8class_infonce_l020_11028639_9,loss_ablation,GigaPath,8-class,CE+InfoNCE 0.20,frozen/default,4,train,0.5705393808774459,0.210726312504938,0.10592269545826966,1.269451843813444,0.8323317307692307,0.9245793269230769,,,False
gigapath_crop128_8class_infonce_l020_11028639_9,loss_ablation,GigaPath,8-class,CE+InfoNCE 0.20,frozen/default,4,val,3.068805366897583,0.9406594586372375,1.5306917380332947,2.98727076292038,0.5428,0.6056,0.5588664301153307,0.44159880912187655,False
gigapath_crop128_8class_infonce_l020_11028639_9,loss_ablation,GigaPath,8-class,CE+InfoNCE 0.20,frozen/default,5,train,0.49224280967162204,0.1914363756465415,0.07867511651681688,1.1106565705476663,0.8449519230769231,0.9424078525641025,,,False
gigapath_crop128_8class_infonce_l020_11028639_9,loss_ablation,GigaPath,8-class,CE+InfoNCE 0.20,frozen/default,5,val,3.0545366235733034,0.8102572685241699,1.6383903435707092,3.029444898414612,0.6268,0.6084,0.5824369428133577,0.4402099278236551,False
gigapath_crop128_8class_infonce_l020_11028639_9,loss_ablation,GigaPath,8-class,CE+InfoNCE 0.20,frozen/default,6,train,0.4305430280570036,0.17112263361326394,0.0655251738991445,0.9694760837233983,0.8559695512820513,0.9522235576923077,,,False
gigapath_crop128_8class_infonce_l020_11028639_9,loss_ablation,GigaPath,8-class,CE+InfoNCE 0.20,frozen/default,6,val,3.4488389553070067,1.0539123315811156,1.7721356404304505,3.1139549485206603,0.5116,0.5984,0.5438297784589412,0.43412148092463354,False
gigapath_crop128_8class_infonce_l050_11028639_10,loss_ablation,GigaPath,8-class,CE+InfoNCE 0.50,frozen/default,1,train,2.5854818606987977,0.5264774910532511,0.8293223097824898,2.459364121540999,0.6758814102564102,0.5448717948717948,,,False
gigapath_crop128_8class_infonce_l050_11028639_10,loss_ablation,GigaPath,8-class,CE+InfoNCE 0.50,frozen/default,1,val,4.271426902389527,1.2156118768692017,1.6254181957244873,2.8607936347961425,0.3928,0.3796,0.45464499764921434,0.3198991190017887,False
gigapath_crop128_8class_infonce_l050_11028639_10,loss_ablation,GigaPath,8-class,CE+InfoNCE 0.50,frozen/default,2,train,1.403056293917008,0.30192920754257685,0.3087969781018985,1.584660211434731,0.7780448717948718,0.796073717948718,,,False
gigapath_crop128_8class_infonce_l050_11028639_10,loss_ablation,GigaPath,8-class,CE+InfoNCE 0.50,frozen/default,2,val,3.8596110160827637,0.9889487283706665,1.4823315571784974,2.7766614687919615,0.5144,0.4912,0.5304343380312847,0.38679964019466606,False
gigapath_crop128_8class_infonce_l050_11028639_10,loss_ablation,GigaPath,8-class,CE+InfoNCE 0.50,frozen/default,3,train,1.0726092092883892,0.257140333740375,0.19614166299549815,1.2386544253199527,0.8059895833333334,0.8612780448717948,,,False
gigapath_crop128_8class_infonce_l050_11028639_10,loss_ablation,GigaPath,8-class,CE+InfoNCE 0.50,frozen/default,3,val,3.8763497009277343,0.9231477317810058,1.5433919687271118,2.8196200143814085,0.5564,0.5276,0.5479639454344533,0.4049242877009398,False
gigapath_crop128_8class_infonce_l050_11028639_10,loss_ablation,GigaPath,8-class,CE+InfoNCE 0.50,frozen/default,4,train,0.8806019292618984,0.2332043867582121,0.1499619505320413,0.994871182510486,0.8213141025641025,0.8930288461538461,,,False
gigapath_crop128_8class_infonce_l050_11028639_10,loss_ablation,GigaPath,8-class,CE+InfoNCE 0.50,frozen/default,4,val,3.9880697910308838,1.0408381925582886,1.5102152501106263,2.8740327178955076,0.4924,0.5644,0.5303216129853452,0.43056542505315587,False
gigapath_crop128_8class_infonce_l050_11028639_10,loss_ablation,GigaPath,8-class,CE+InfoNCE 0.50,frozen/default,5,train,0.7505232260968441,0.2110923090352653,0.11859768229082991,0.8416664716907036,0.8356370192307693,0.9156650641025641,,,False
gigapath_crop128_8class_infonce_l050_11028639_10,loss_ablation,GigaPath,8-class,CE+InfoNCE 0.50,frozen/default,5,val,3.8209956329345705,0.8318225640296936,1.545294006538391,2.8877581720352175,0.616,0.582,0.5745116459677352,0.4359576634471087,False
gigapath_crop128_8class_infonce_l050_11028639_10,loss_ablation,GigaPath,8-class,CE+InfoNCE 0.50,frozen/default,6,train,0.6414629875276333,0.1877253671320012,0.09851411499011402,0.7104470105125353,0.8470552884615384,0.9258814102564102,,,False
gigapath_crop128_8class_infonce_l050_11028639_10,loss_ablation,GigaPath,8-class,CE+InfoNCE 0.50,frozen/default,6,val,4.16068800239563,1.0415174236297609,1.6470306642532349,2.9442798425674437,0.5156,0.5892,0.5422339321800563,0.4384152613445362,False
gigapath_crop128_8class_infonce_l050_11028639_10,loss_ablation,GigaPath,8-class,CE+InfoNCE 0.50,frozen/default,7,train,0.5882143422197073,0.17978335780879626,0.08826140215238318,0.6403391675498241,0.8501602564102564,0.9348958333333334,,,False
gigapath_crop128_8class_infonce_l050_11028639_10,loss_ablation,GigaPath,8-class,CE+InfoNCE 0.50,frozen/default,7,val,4.084658569335938,0.9184331613540649,1.686688995742798,2.9590728793144225,0.588,0.598,0.5626845424644324,0.4391183950425874,False
gigapath_crop128_8class_infonce_l050_11028639_10,loss_ablation,GigaPath,8-class,CE+InfoNCE 0.50,frozen/default,8,train,0.5138006140119754,0.16188978402612683,0.0713388711417046,0.5611439142376184,0.8606770833333334,0.9469150641025641,,,False
gigapath_crop128_8class_infonce_l050_11028639_10,loss_ablation,GigaPath,8-class,CE+InfoNCE 0.50,frozen/default,8,val,4.160827672195435,0.8879974233627319,1.7801503742218017,2.9853597457408907,0.5892,0.596,0.5782141602119525,0.45553808355091374,False
gigapath_crop128_8class_infonce_only_11028639_11,loss_ablation,GigaPath,8-class,InfoNCE-only,frozen/default,1,train,2.343943695227305,2.3759414362601743,2.3124141857410088,2.343943695227305,0.11007612179487179,0.1463341346153846,,,False
gigapath_crop128_8class_infonce_only_11028639_11,loss_ablation,GigaPath,8-class,InfoNCE-only,frozen/default,1,val,2.749492226600647,2.1287249420166017,2.1404617109298707,2.749492226600647,0.144,0.228,0.11837235017589484,0.12365566801511364,False
gigapath_crop128_8class_infonce_only_11028639_11,loss_ablation,GigaPath,8-class,InfoNCE-only,frozen/default,2,train,1.3965351841388605,2.203633655340244,2.2781914873765063,1.3965351841388605,0.17518028846153846,0.13451522435897437,,,False
gigapath_crop128_8class_infonce_only_11028639_11,loss_ablation,GigaPath,8-class,InfoNCE-only,frozen/default,2,val,2.638538523197174,2.119438981628418,2.2058781869888304,2.638538523197174,0.1296,0.154,0.12944865745039696,0.09489314894959164,False
gigapath_crop128_8class_infonce_only_11028639_11,loss_ablation,GigaPath,8-class,InfoNCE-only,frozen/default,3,train,1.0308112460069168,2.2445001170421257,2.2566933731238046,1.0308112460069168,0.13872195512820512,0.13802083333333334,,,False
gigapath_crop128_8class_infonce_only_11028639_11,loss_ablation,GigaPath,8-class,InfoNCE-only,frozen/default,3,val,2.731761417388916,2.2081168483734133,2.182157134437561,2.731761417388916,0.1,0.1444,0.10266929858237141,0.0903303862442586,False
gigapath_crop128_8class_infonce_only_11028639_11,loss_ablation,GigaPath,8-class,InfoNCE-only,frozen/default,4,train,0.8000185038798895,2.2437154394693866,2.2454015077688756,0.8000185038798895,0.13501602564102563,0.12880608974358973,,,False
gigapath_crop128_8class_infonce_only_11028639_11,loss_ablation,GigaPath,8-class,InfoNCE-only,frozen/default,4,val,2.745718488693237,2.2150929565429687,2.2044418350219726,2.745718488693237,0.0664,0.122,0.0765871868934508,0.08165122708425258,False
resnet50_crop128_3class_ce_only_11032366_0,loss_ablation,ResNet50,3-class,CE-only,frozen/default,1,train,1.3140528553571456,0.7403798302014669,0.5736730240094357,0.0,0.5679086538461539,0.6968149038461539,,,False
resnet50_crop128_3class_ce_only_11032366_0,loss_ablation,ResNet50,3-class,CE-only,frozen/default,1,val,1.6779403896331788,0.9167512826919556,0.761189102268219,0.0,0.5636,0.7028,0.5211634235024779,0.635578115213717,False
resnet50_crop128_3class_ce_only_11032366_0,loss_ablation,ResNet50,3-class,CE-only,frozen/default,2,train,0.8552198585791465,0.6026345586929566,0.25258530151003444,0.0,0.6720753205128205,0.8743990384615384,,,False
resnet50_crop128_3class_ce_only_11032366_0,loss_ablation,ResNet50,3-class,CE-only,frozen/default,2,val,1.7913665912628174,0.9915215275764465,0.7998450758934021,0.0,0.534,0.7532,0.48809669014597684,0.6829743502729504,False
resnet50_crop128_3class_ce_only_11032366_0,loss_ablation,ResNet50,3-class,CE-only,frozen/default,3,train,0.7189759734349374,0.5835105184561167,0.13546545516986114,0.0,0.6872996794871795,0.9357972756410257,,,False
resnet50_crop128_3class_ce_only_11032366_0,loss_ablation,ResNet50,3-class,CE-only,frozen/default,3,val,1.7361178993225097,0.8242175082206726,0.9119003758430481,0.0,0.6156,0.7512,0.5634233518774575,0.6714644303889948,False
resnet50_crop128_3class_ce_only_11032366_0,loss_ablation,ResNet50,3-class,CE-only,frozen/default,4,train,0.6380459845830233,0.5577658067146937,0.08028017610120468,0.0,0.7040264423076923,0.9628405448717948,,,False
resnet50_crop128_3class_ce_only_11032366_0,loss_ablation,ResNet50,3-class,CE-only,frozen/default,4,val,1.8681949954986572,0.8493785311698914,1.0188164535522461,0.0,0.5984,0.7472,0.5476866744246622,0.6713032541097806,False
resnet50_crop128_3class_infonce_l005_11032366_1,loss_ablation,ResNet50,3-class,CE+InfoNCE 0.05,frozen/default,1,train,1.5638908988390214,0.7409300613097656,0.575652498465318,4.946166490897154,0.5674078525641025,0.6964142628205128,,,False
resnet50_crop128_3class_infonce_l005_11032366_1,loss_ablation,ResNet50,3-class,CE+InfoNCE 0.05,frozen/default,1,val,1.9195535442352294,0.9158154922485352,0.7589795885086059,4.895169197082519,0.562,0.7016,0.519358124057283,0.634750694733008,False
resnet50_crop128_3class_infonce_l005_11032366_1,loss_ablation,ResNet50,3-class,CE+InfoNCE 0.05,frozen/default,2,train,1.0970469858401861,0.6035473186236161,0.25757948614847964,4.718403700070503,0.6725761217948718,0.8717948717948718,,,False
resnet50_crop128_3class_infonce_l005_11032366_1,loss_ablation,ResNet50,3-class,CE+InfoNCE 0.05,frozen/default,2,val,2.0171085889816283,0.9825937176704407,0.783987460231781,5.0105477104187015,0.5308,0.7516,0.48566964734372786,0.6812667228273713,False
resnet50_crop128_3class_infonce_l005_11032366_1,loss_ablation,ResNet50,3-class,CE+InfoNCE 0.05,frozen/default,3,train,0.9557874409052042,0.584255996804971,0.14029048278163642,4.624819150337806,0.6864983974358975,0.934395032051282,,,False
resnet50_crop128_3class_infonce_l005_11032366_1,loss_ablation,ResNet50,3-class,CE+InfoNCE 0.05,frozen/default,3,val,1.9429094945907592,0.8213172177314758,0.8744017786026,4.943810139465332,0.6168,0.7552,0.5634458947002159,0.6816225954638985,False
resnet50_crop128_3class_infonce_l005_11032366_1,loss_ablation,ResNet50,3-class,CE+InfoNCE 0.05,frozen/default,4,train,0.8691014097287104,0.5584128197187033,0.08459626950132541,4.52184630662967,0.7047275641025641,0.9620392628205128,,,False
resnet50_crop128_3class_infonce_l005_11032366_1,loss_ablation,ResNet50,3-class,CE+InfoNCE 0.05,frozen/default,4,val,2.071287377166748,0.8539980187416076,0.9720748762130738,4.904289953613281,0.5916,0.752,0.5407265260448617,0.6795258589552361,False
resnet50_crop128_3class_infonce_l005_11032366_1,loss_ablation,ResNet50,3-class,CE+InfoNCE 0.05,frozen/default,5,train,0.8394549022882413,0.5636385809152554,0.05379488837355987,4.440428574879964,0.7045272435897436,0.9787660256410257,,,False
resnet50_crop128_3class_infonce_l005_11032366_1,loss_ablation,ResNet50,3-class,CE+InfoNCE 0.05,frozen/default,5,val,2.0590482421875,0.7946450428009033,1.022703861141205,4.833986548614502,0.632,0.7432,0.5666678796909901,0.6723834628617663,False
resnet50_crop128_3class_infonce_l010_11032366_2,loss_ablation,ResNet50,3-class,CE+InfoNCE 0.10,frozen/default,1,train,1.8106106443282886,0.7426786224047343,0.5786488197552853,4.892831955200586,0.5665064102564102,0.6930088141025641,,,False
resnet50_crop128_3class_infonce_l010_11032366_2,loss_ablation,ResNet50,3-class,CE+InfoNCE 0.10,frozen/default,1,val,2.1577859409332274,0.9167171213150025,0.7592251702308654,4.818436392974854,0.5608,0.6992,0.5179530386054095,0.6330986072824594,False
resnet50_crop128_3class_infonce_l010_11032366_2,loss_ablation,ResNet50,3-class,CE+InfoNCE 0.10,frozen/default,2,train,1.3310431455954528,0.6055786250493466,0.2663404248081721,4.59124091344002,0.6727764423076923,0.8674879807692307,,,False
resnet50_crop128_3class_infonce_l010_11032366_2,loss_ablation,ResNet50,3-class,CE+InfoNCE 0.10,frozen/default,2,val,2.2304129219055175,0.9733518439292907,0.770605627822876,4.864554711914063,0.5308,0.7492,0.48491278452195097,0.676998417793028,False
resnet50_crop128_3class_infonce_l010_11032366_2,loss_ablation,ResNet50,3-class,CE+InfoNCE 0.10,frozen/default,3,train,1.1805300613244374,0.5850988691433882,0.14913862466047972,4.462925623624753,0.6861979166666666,0.9312900641025641,,,False
resnet50_crop128_3class_infonce_l010_11032366_2,loss_ablation,ResNet50,3-class,CE+InfoNCE 0.10,frozen/default,3,val,2.1568538568496702,0.8192289192199707,0.8585049173355103,4.79120030670166,0.6184,0.752,0.5651567985818655,0.6802389635081543,False
resnet50_crop128_3class_infonce_l010_11032366_2,loss_ablation,ResNet50,3-class,CE+InfoNCE 0.10,frozen/default,4,train,1.084882256312248,0.5596189097716258,0.09205220539409381,4.332111321962797,0.7037259615384616,0.9600360576923077,,,False
resnet50_crop128_3class_infonce_l010_11032366_2,loss_ablation,ResNet50,3-class,CE+InfoNCE 0.10,frozen/default,4,val,2.28148512840271,0.8510578351020813,0.9549762502670288,4.754510571289062,0.596,0.7488,0.5450768711018706,0.6736332889714468,False
resnet50_crop128_3class_infonce_l010_11032366_2,loss_ablation,ResNet50,3-class,CE+InfoNCE 0.10,frozen/default,5,train,1.0489069460294185,0.5651309929597073,0.06048188091088564,4.232940621865102,0.7041266025641025,0.9768629807692307,,,False
resnet50_crop128_3class_infonce_l010_11032366_2,loss_ablation,ResNet50,3-class,CE+InfoNCE 0.10,frozen/default,5,val,2.2801412078857424,0.7945491561889648,1.0144609504699706,4.71131081161499,0.6348,0.7396,0.5689804516842981,0.6668618776085129,False
resnet50_crop128_3class_infonce_l020_11032366_3,loss_ablation,ResNet50,3-class,CE+InfoNCE 0.20,frozen/default,1,train,2.3010774484047523,0.7474559514950483,0.5870796678922116,4.832708988434229,0.5583934294871795,0.6870993589743589,,,False
resnet50_crop128_3class_infonce_l020_11032366_3,loss_ablation,ResNet50,3-class,CE+InfoNCE 0.20,frozen/default,1,val,2.6338802680969238,0.9177468724250794,0.7687661282539368,4.736836245727539,0.5576,0.6956,0.5146373924195617,0.6285500903263487,False
resnet50_crop128_3class_infonce_l020_11032366_3,loss_ablation,ResNet50,3-class,CE+InfoNCE 0.20,frozen/default,2,train,1.7870838596270635,0.6097070448673688,0.2845218768104529,4.464274608171904,0.6698717948717948,0.8591746794871795,,,False
resnet50_crop128_3class_infonce_l020_11032366_3,loss_ablation,ResNet50,3-class,CE+InfoNCE 0.20,frozen/default,2,val,2.6762377628326415,0.964076340007782,0.7654842381477356,4.733385834503173,0.5316,0.744,0.48524043223852376,0.671230240175604,False
resnet50_crop128_3class_infonce_l020_11032366_3,loss_ablation,ResNet50,3-class,CE+InfoNCE 0.20,frozen/default,3,train,1.6176198079035833,0.5881885229012905,0.16919295757244796,4.301191592827822,0.6857972756410257,0.921073717948718,,,False
resnet50_crop128_3class_infonce_l020_11032366_3,loss_ablation,ResNet50,3-class,CE+InfoNCE 0.20,frozen/default,3,val,2.602578298187256,0.8226705852508545,0.8450445999145508,4.674315379333496,0.62,0.7504,0.5657871495098507,0.679950399584305,False
resnet50_crop128_3class_infonce_l020_11032366_3,loss_ablation,ResNet50,3-class,CE+InfoNCE 0.20,frozen/default,4,train,1.4982353418301313,0.5621318606994091,0.10913553490088536,4.134839681478647,0.7050280448717948,0.9540264423076923,,,False
resnet50_crop128_3class_infonce_l020_11032366_3,loss_ablation,ResNet50,3-class,CE+InfoNCE 0.20,frozen/default,4,val,2.7242551876068117,0.8474384821891785,0.9448829617500305,4.659668669891357,0.6,0.7492,0.5480923723915114,0.675393627812916,False
resnet50_crop128_3class_infonce_l020_11032366_3,loss_ablation,ResNet50,3-class,CE+InfoNCE 0.20,frozen/default,5,train,1.4412010663594954,0.5675744047531714,0.07674665242815629,3.9844000003276725,0.7034254807692307,0.9705528846153846,,,False
resnet50_crop128_3class_infonce_l020_11032366_3,loss_ablation,ResNet50,3-class,CE+InfoNCE 0.20,frozen/default,5,val,2.7398363857269286,0.7976188074111938,1.012470531463623,4.648735301208496,0.6344,0.7352,0.568316788645967,0.6597142353700353,False
resnet50_crop128_3class_infonce_l050_11032366_4,loss_ablation,ResNet50,3-class,CE+InfoNCE 0.50,frozen/default,1,train,3.7658467629016976,0.7646631208749918,0.6146242213554871,4.773118856625679,0.5399639423076923,0.6677684294871795,,,False
resnet50_crop128_3class_infonce_l050_11032366_4,loss_ablation,ResNet50,3-class,CE+InfoNCE 0.50,frozen/default,1,val,4.036871408462525,0.9153331777572632,0.788091863822937,4.666892807006836,0.5444,0.6812,0.49926815096005606,0.6153492991331017,False
resnet50_crop128_3class_infonce_l050_11032366_4,loss_ablation,ResNet50,3-class,CE+InfoNCE 0.50,frozen/default,2,train,3.121129280481583,0.6197321380560215,0.33417322524847126,4.334447817924695,0.6670673076923077,0.8361378205128205,,,False
resnet50_crop128_3class_infonce_l050_11032366_4,loss_ablation,ResNet50,3-class,CE+InfoNCE 0.50,frozen/default,2,val,4.023756586074829,0.9472161384582519,0.7624150073051452,4.628250877380371,0.5376,0.7284,0.4885681900687879,0.6562563608878713,False
resnet50_crop128_3class_infonce_l050_11032366_4,loss_ablation,ResNet50,3-class,CE+InfoNCE 0.50,frozen/default,3,train,2.87690981840476,0.5951371078307812,0.22762852143018675,4.10828837675926,0.6854967948717948,0.8932291666666666,,,False
resnet50_crop128_3class_infonce_l050_11032366_4,loss_ablation,ResNet50,3-class,CE+InfoNCE 0.50,frozen/default,3,val,3.953671031951904,0.8259453232765198,0.8250718434333801,4.605307595825195,0.6212,0.7456,0.566273519708807,0.6720885463933296,False
resnet50_crop128_3class_infonce_l050_11032366_4,loss_ablation,ResNet50,3-class,CE+InfoNCE 0.50,frozen/default,4,train,2.658544326439882,0.5684293206685629,0.16517352484739745,3.8498829419796285,0.7028245192307693,0.9285857371794872,,,False
resnet50_crop128_3class_infonce_l050_11032366_4,loss_ablation,ResNet50,3-class,CE+InfoNCE 0.50,frozen/default,4,val,4.083654339599609,0.8485707026481628,0.9209875037193298,4.628192247772216,0.6004,0.7412,0.5476361425195749,0.6641212526129728,False
resnet50_crop128_3class_infonce_l050_11032366_4,loss_ablation,ResNet50,3-class,CE+InfoNCE 0.50,frozen/default,5,train,2.509976619329208,0.5737947550339576,0.13305596911754364,3.6062517563501992,0.7042267628205128,0.9449118589743589,,,False
resnet50_crop128_3class_infonce_l050_11032366_4,loss_ablation,ResNet50,3-class,CE+InfoNCE 0.50,frozen/default,5,val,4.106827866363526,0.7971783288955688,0.9674015565872193,4.684496083831787,0.6336,0.7364,0.5714807870323874,0.6630323432143994,False
resnet50_crop128_3class_infonce_only_11032366_5,loss_ablation,ResNet50,3-class,InfoNCE-only,frozen/default,1,train,4.852158295802581,1.0724309384822845,1.1334634973452642,4.852158295802581,0.3495592948717949,0.3603766025641026,,,False
resnet50_crop128_3class_infonce_only_11032366_5,loss_ablation,ResNet50,3-class,InfoNCE-only,frozen/default,1,val,4.68190901222229,1.2461969762802123,1.1502165147781371,4.68190901222229,0.1888,0.2936,0.16560545288055087,0.27199392180324694,False
resnet50_crop128_3class_infonce_only_11032366_5,loss_ablation,ResNet50,3-class,InfoNCE-only,frozen/default,2,train,4.363919044152285,1.0085191352245135,1.0441182721883824,4.363919044152285,0.37740384615384615,0.39453125,,,False
resnet50_crop128_3class_infonce_only_11032366_5,loss_ablation,ResNet50,3-class,InfoNCE-only,frozen/default,2,val,4.620266052627564,1.209626700592041,1.0917959424972534,4.620266052627564,0.264,0.3228,0.22242426679409857,0.3074625078995662,False
resnet50_crop128_3class_infonce_only_11032366_5,loss_ablation,ResNet50,3-class,InfoNCE-only,frozen/default,3,train,3.956112656837855,1.0156404742827783,1.0134791395603082,3.956112656837855,0.3870192307692308,0.4089543269230769,,,False
resnet50_crop128_3class_infonce_only_11032366_5,loss_ablation,ResNet50,3-class,InfoNCE-only,frozen/default,3,val,4.626222441864014,1.1926114946365356,1.1244546487808227,4.626222441864014,0.2776,0.296,0.2463321456967076,0.2867385454257463,False
resnet50_crop128_3class_infonce_only_11032366_5,loss_ablation,ResNet50,3-class,InfoNCE-only,frozen/default,4,train,3.541924079259237,1.0137811104456584,1.017572976075686,3.541924079259237,0.40685096153846156,0.41225961538461536,,,False
resnet50_crop128_3class_infonce_only_11032366_5,loss_ablation,ResNet50,3-class,InfoNCE-only,frozen/default,4,val,4.686766373443604,1.1342711954116822,1.1411206279754638,4.686766373443604,0.3684,0.2828,0.31521904319349797,0.27138025091090645,False
resnet50_crop128_8class_ce_only_11032366_6,loss_ablation,ResNet50,8-class,CE-only,frozen/default,1,train,2.049462607273689,1.0829448317870116,0.9665177686092181,0.0,0.4188701923076923,0.4522235576923077,,,False
resnet50_crop128_8class_ce_only_11032366_6,loss_ablation,ResNet50,8-class,CE-only,frozen/default,1,val,3.4129988800048827,1.6385848962783813,1.774413959312439,0.0,0.2464,0.3176,0.29080914659081486,0.28188867527553807,False
resnet50_crop128_8class_ce_only_11032366_6,loss_ablation,ResNet50,8-class,CE-only,frozen/default,2,train,0.9882748661897122,0.6014730758391894,0.38680179168780643,0.0,0.6186899038461539,0.7603165064102564,,,False
resnet50_crop128_8class_ce_only_11032366_6,loss_ablation,ResNet50,8-class,CE-only,frozen/default,2,val,2.889751628112793,1.349095601463318,1.5406560234069824,0.0,0.3296,0.4332,0.37558454732518853,0.3422330985487711,False
resnet50_crop128_8class_ce_only_11032366_6,loss_ablation,ResNet50,8-class,CE-only,frozen/default,3,train,0.6781830737988154,0.48813002155377316,0.19005305014359644,0.0,0.6673677884615384,0.8706931089743589,,,False
resnet50_crop128_8class_ce_only_11032366_6,loss_ablation,ResNet50,8-class,CE-only,frozen/default,3,val,2.7568487678527833,1.2704356142044066,1.4864131324768066,0.0,0.3532,0.5164,0.3919275579725351,0.3968329365551963,False
resnet50_crop128_8class_ce_only_11032366_6,loss_ablation,ResNet50,8-class,CE-only,frozen/default,4,train,0.5647782797996814,0.44175567497045565,0.12302260368298261,0.0,0.6892027243589743,0.9164663461538461,,,False
resnet50_crop128_8class_ce_only_11032366_6,loss_ablation,ResNet50,8-class,CE-only,frozen/default,4,val,2.752158570098877,1.2682166896820068,1.4839418592453002,0.0,0.3676,0.58,0.4032258486404747,0.42427743076074564,False
resnet50_crop128_8class_ce_only_11032366_6,loss_ablation,ResNet50,8-class,CE-only,frozen/default,5,train,0.4916097804521903,0.40496094601276594,0.08664883281557988,0.0,0.7043269230769231,0.9412059294871795,,,False
resnet50_crop128_8class_ce_only_11032366_6,loss_ablation,ResNet50,8-class,CE-only,frozen/default,5,val,2.853112014770508,1.2893245784759522,1.563787402534485,0.0,0.3612,0.5928,0.41158913251553464,0.4295658424983124,False
resnet50_crop128_8class_ce_only_11032366_6,loss_ablation,ResNet50,8-class,CE-only,frozen/default,6,train,0.42431389139248776,0.3645241927260008,0.059789698188885666,0.0,0.7268629807692307,0.9596354166666666,,,False
resnet50_crop128_8class_ce_only_11032366_6,loss_ablation,ResNet50,8-class,CE-only,frozen/default,6,val,2.806501614379883,1.1829865848541259,1.623515008354187,0.0,0.4284,0.6064,0.44028627029477707,0.4319660472898682,False
resnet50_crop128_8class_ce_only_11032366_6,loss_ablation,ResNet50,8-class,CE-only,frozen/default,7,train,0.4061843095681606,0.3602447381768471,0.04593957036447067,0.0,0.7259615384615384,0.9689503205128205,,,False
resnet50_crop128_8class_ce_only_11032366_6,loss_ablation,ResNet50,8-class,CE-only,frozen/default,7,val,2.8847851165771483,1.1968017753601075,1.6879833534240722,0.0,0.4084,0.6108,0.4450135908351433,0.43038969749463873,False
resnet50_crop128_8class_ce_only_11032366_6,loss_ablation,ResNet50,8-class,CE-only,frozen/default,8,train,0.37168110467684573,0.3308878500874226,0.04079325521030487,0.0,0.7442908653846154,0.97265625,,,False
resnet50_crop128_8class_ce_only_11032366_6,loss_ablation,ResNet50,8-class,CE-only,frozen/default,8,val,2.950546519470215,1.1768442525863647,1.7737022453308104,0.0,0.4352,0.606,0.45830844559509337,0.41844127551947846,False
resnet50_crop128_8class_infonce_l005_11032366_7,loss_ablation,ResNet50,8-class,CE+InfoNCE 0.05,frozen/default,1,train,2.297290542186835,1.0846329071582892,0.9687147174890225,4.87885829118582,0.41816907051282054,0.45132211538461536,,,False
resnet50_crop128_8class_infonce_l005_11032366_7,loss_ablation,ResNet50,8-class,CE+InfoNCE 0.05,frozen/default,1,val,3.6790232040405275,1.6371675439834594,1.7868158227920532,5.100796798706055,0.2476,0.312,0.29131612893949554,0.2825263644882835,False
resnet50_crop128_8class_infonce_l005_11032366_7,loss_ablation,ResNet50,8-class,CE+InfoNCE 0.05,frozen/default,2,train,1.2064406122916784,0.6008300651342441,0.38846836124475187,4.342843826000507,0.6214943910256411,0.7597155448717948,,,False
resnet50_crop128_8class_infonce_l005_11032366_7,loss_ablation,ResNet50,8-class,CE+InfoNCE 0.05,frozen/default,2,val,3.1387600006103518,1.3404458292007446,1.5426130937576294,5.114021208190918,0.338,0.436,0.38096829227413304,0.3463881416547676,False
resnet50_crop128_8class_infonce_l005_11032366_7,loss_ablation,ResNet50,8-class,CE+InfoNCE 0.05,frozen/default,3,train,0.8855843689197149,0.4879289452846234,0.1937216024559278,4.078676346020821,0.6685697115384616,0.8680889423076923,,,False
resnet50_crop128_8class_infonce_l005_11032366_7,loss_ablation,ResNet50,8-class,CE+InfoNCE 0.05,frozen/default,3,val,2.9772856353759765,1.2597642946243286,1.4617685430526732,5.115055810546875,0.3612,0.5172,0.39673340209562263,0.39890816278946534,False
resnet50_crop128_8class_infonce_l005_11032366_7,loss_ablation,ResNet50,8-class,CE+InfoNCE 0.05,frozen/default,4,train,0.7626261313756307,0.44040418206117093,0.12788336189129415,3.8867716697546153,0.6909054487179487,0.9129607371794872,,,False
resnet50_crop128_8class_infonce_l005_11032366_7,loss_ablation,ResNet50,8-class,CE+InfoNCE 0.05,frozen/default,4,val,2.9685691535949705,1.2600945199966431,1.4553152526855468,5.063187448883057,0.37,0.578,0.4055416770283383,0.42576520943363216,False
resnet50_crop128_8class_infonce_l005_11032366_7,loss_ablation,ResNet50,8-class,CE+InfoNCE 0.05,frozen/default,5,train,0.6825061249427307,0.4044211376936008,0.09138569913995571,3.7339856318938427,0.7067307692307693,0.9379006410256411,,,False
resnet50_crop128_8class_infonce_l005_11032366_7,loss_ablation,ResNet50,8-class,CE+InfoNCE 0.05,frozen/default,5,val,3.0521744785308837,1.2730189834594727,1.5272324207305907,5.03846065826416,0.3648,0.5948,0.4097122001306668,0.4347519324697954,False
resnet50_crop128_8class_infonce_l005_11032366_7,loss_ablation,ResNet50,8-class,CE+InfoNCE 0.05,frozen/default,6,train,0.6085618822238384,0.3628008191784223,0.06515779527716148,3.612065348869715,0.7279647435897436,0.9551282051282052,,,False
resnet50_crop128_8class_infonce_l005_11032366_7,loss_ablation,ResNet50,8-class,CE+InfoNCE 0.05,frozen/default,6,val,2.994808424758911,1.1687091674804688,1.5743264314651488,5.0354564682006835,0.4296,0.6044,0.4420998436667901,0.4373946007970354,False
resnet50_crop128_8class_infonce_l005_11032366_7,loss_ablation,ResNet50,8-class,CE+InfoNCE 0.05,frozen/default,7,train,0.5871919362972944,0.35943959003839737,0.050884042699367575,3.537365977580731,0.7254607371794872,0.9669471153846154,,,False
resnet50_crop128_8class_infonce_l005_11032366_7,loss_ablation,ResNet50,8-class,CE+InfoNCE 0.05,frozen/default,7,val,3.0647558246612547,1.1832445810317993,1.632441948890686,4.981384908294678,0.4136,0.614,0.4472604122264083,0.4396862156065366,False
resnet50_crop128_8class_infonce_l005_11032366_7,loss_ablation,ResNet50,8-class,CE+InfoNCE 0.05,frozen/default,8,train,0.5443623474775217,0.3301733130445847,0.043146972019129835,3.420841165077992,0.7465945512820513,0.9720552884615384,,,False
resnet50_crop128_8class_infonce_l005_11032366_7,loss_ablation,ResNet50,8-class,CE+InfoNCE 0.05,frozen/default,8,val,3.1366853481292725,1.1715058437347412,1.7149790851593019,5.004008139038086,0.4368,0.6096,0.4599011133386536,0.4263056530083371,False
resnet50_crop128_8class_infonce_l010_11032366_8,loss_ablation,ResNet50,8-class,CE+InfoNCE 0.10,frozen/default,1,train,2.5462857362551565,1.0894846625817127,0.9746979062373822,4.821031741606883,0.41576522435897434,0.4465144230769231,,,False
resnet50_crop128_8class_infonce_l010_11032366_8,loss_ablation,ResNet50,8-class,CE+InfoNCE 0.10,frozen/default,1,val,3.930703249359131,1.6409838243484498,1.789995828819275,4.997235620117188,0.2448,0.308,0.28912812980751323,0.2812414407809869,False
resnet50_crop128_8class_infonce_l010_11032366_8,loss_ablation,ResNet50,8-class,CE+InfoNCE 0.10,frozen/default,2,train,1.421533682407477,0.603998234638801,0.3971019438826121,4.2043349620623465,0.6198918269230769,0.7555088141025641,,,False
resnet50_crop128_8class_infonce_l010_11032366_8,loss_ablation,ResNet50,8-class,CE+InfoNCE 0.10,frozen/default,2,val,3.3631549327850343,1.3416788364410401,1.5229238479614258,4.985522203063965,0.338,0.4328,0.3782024801986602,0.3466247051404511,False
resnet50_crop128_8class_infonce_l010_11032366_8,loss_ablation,ResNet50,8-class,CE+InfoNCE 0.10,frozen/default,3,train,1.0836709867685268,0.4909285131173256,0.20367410473334482,3.890683650970459,0.6686698717948718,0.8622796474358975,,,False
resnet50_crop128_8class_infonce_l010_11032366_8,loss_ablation,ResNet50,8-class,CE+InfoNCE 0.10,frozen/default,3,val,3.2014200622558593,1.2626401679992676,1.443696376800537,4.950835050964355,0.3584,0.5148,0.3943338357445211,0.40040015071619317,False
resnet50_crop128_8class_infonce_l010_11032366_8,loss_ablation,ResNet50,8-class,CE+InfoNCE 0.10,frozen/default,4,train,0.9474575015214773,0.4419241841786947,0.138393728969953,3.6713958397889748,0.6901041666666666,0.9055488782051282,,,False
resnet50_crop128_8class_infonce_l010_11032366_8,loss_ablation,ResNet50,8-class,CE+InfoNCE 0.10,frozen/default,4,val,3.182091052246094,1.2570551544189452,1.4344946557998657,4.905412196350098,0.3692,0.572,0.40598092234341826,0.42828183185032337,False
resnet50_crop128_8class_infonce_l010_11032366_8,loss_ablation,ResNet50,8-class,CE+InfoNCE 0.10,frozen/default,5,train,0.8594561983377506,0.4062966669981296,0.10239782470923203,3.507617027331621,0.7061298076923077,0.9313902243589743,,,False
resnet50_crop128_8class_infonce_l010_11032366_8,loss_ablation,ResNet50,8-class,CE+InfoNCE 0.10,frozen/default,5,val,3.255851089859009,1.2660804012298583,1.5016554025650024,4.881153231811523,0.364,0.5908,0.41062177889291607,0.4355926697240077,False
resnet50_crop128_8class_infonce_l010_11032366_8,loss_ablation,ResNet50,8-class,CE+InfoNCE 0.10,frozen/default,6,train,0.7771113079327804,0.36424574236839247,0.07592199040720096,3.369435729124607,0.7292668269230769,0.9489182692307693,,,False
resnet50_crop128_8class_infonce_l010_11032366_8,loss_ablation,ResNet50,8-class,CE+InfoNCE 0.10,frozen/default,6,val,3.204226551437378,1.1700161924362182,1.5450589944839477,4.891513304138184,0.4312,0.5968,0.4431265194138114,0.43486025556663055,False
resnet50_crop128_8class_infonce_l010_11032366_8,loss_ablation,ResNet50,8-class,CE+InfoNCE 0.10,frozen/default,7,train,0.7506857223999805,0.3610955545535454,0.06175105455212104,3.278391095308157,0.7262620192307693,0.9591346153846154,,,False
resnet50_crop128_8class_infonce_l010_11032366_8,loss_ablation,ResNet50,8-class,CE+InfoNCE 0.10,frozen/default,7,val,3.260337239074707,1.1866213121414184,1.5899730030059815,4.837429196166992,0.4124,0.6092,0.44437969996367643,0.44078172575317565,False
resnet50_crop128_8class_infonce_l010_11032366_8,loss_ablation,ResNet50,8-class,CE+InfoNCE 0.10,frozen/default,8,train,0.6997042695681254,0.3324149808822534,0.05255531741736027,3.1473396252363157,0.7469951923076923,0.9670472756410257,,,False
resnet50_crop128_8class_infonce_l010_11032366_8,loss_ablation,ResNet50,8-class,CE+InfoNCE 0.10,frozen/default,8,val,3.309894157791138,1.1685909999847413,1.6533199655532838,4.879832287597656,0.438,0.6008,0.4596583210520855,0.4306372510272169,False
resnet50_crop128_8class_infonce_l020_11032366_9,loss_ablation,ResNet50,8-class,CE+InfoNCE 0.20,frozen/default,1,train,3.042319823534061,1.1032587503775573,0.9892517148684232,4.749046674141517,0.4076522435897436,0.4375,,,False
resnet50_crop128_8class_infonce_l020_11032366_9,loss_ablation,ResNet50,8-class,CE+InfoNCE 0.20,frozen/default,1,val,4.461627428436279,1.661352931022644,1.8215806930541991,4.893468762969971,0.236,0.2908,0.2821679979785092,0.2750680823381879,False
resnet50_crop128_8class_infonce_l020_11032366_9,loss_ablation,ResNet50,8-class,CE+InfoNCE 0.20,frozen/default,2,train,1.8458709197166638,0.6152766262873625,0.4217953263567044,4.043994735448789,0.6155849358974359,0.7426883012820513,,,False
resnet50_crop128_8class_infonce_l020_11032366_9,loss_ablation,ResNet50,8-class,CE+InfoNCE 0.20,frozen/default,2,val,3.866979002380371,1.3586086044311523,1.5405855381011964,4.838924185180664,0.3272,0.4124,0.3713643147774365,0.33801480968272113,False
resnet50_crop128_8class_infonce_l020_11032366_9,loss_ablation,ResNet50,8-class,CE+InfoNCE 0.20,frozen/default,3,train,1.467177519431481,0.5001063770972766,0.23006016054214576,3.685054892148727,0.6649639423076923,0.8443509615384616,,,False
resnet50_crop128_8class_infonce_l020_11032366_9,loss_ablation,ResNet50,8-class,CE+InfoNCE 0.20,frozen/default,3,val,3.68942693939209,1.277146068382263,1.4557242469787597,4.782783036804199,0.3484,0.488,0.3884623083961126,0.3870933637786851,False
resnet50_crop128_8class_infonce_l020_11032366_9,loss_ablation,ResNet50,8-class,CE+InfoNCE 0.20,frozen/default,4,train,1.3013744491797228,0.44925128381985885,0.16383415489242628,3.441444999132401,0.6890024038461539,0.8896233974358975,,,False
resnet50_crop128_8class_infonce_l020_11032366_9,loss_ablation,ResNet50,8-class,CE+InfoNCE 0.20,frozen/default,4,val,3.6294549465179444,1.266793208694458,1.4117588317871095,4.754514590454102,0.3588,0.5552,0.4007942165775572,0.42473345992549383,False
resnet50_crop128_8class_infonce_l020_11032366_9,loss_ablation,ResNet50,8-class,CE+InfoNCE 0.20,frozen/default,5,train,1.1927965726607885,0.4142028998870116,0.12615971305431464,3.2621697248556676,0.703125,0.9156650641025641,,,False
resnet50_crop128_8class_infonce_l020_11032366_9,loss_ablation,ResNet50,8-class,CE+InfoNCE 0.20,frozen/default,5,val,3.662478741836548,1.2564001459121703,1.4545289182662964,4.757748345184326,0.3704,0.5768,0.41633806355544234,0.43171672315494647,False
resnet50_crop128_8class_infonce_l020_11032366_9,loss_ablation,ResNet50,8-class,CE+InfoNCE 0.20,frozen/default,6,train,1.0862127038148732,0.37046492634675443,0.09744942216919018,3.0914917420118284,0.7290665064102564,0.9362980769230769,,,False
resnet50_crop128_8class_infonce_l020_11032366_9,loss_ablation,ResNet50,8-class,CE+InfoNCE 0.20,frozen/default,6,val,3.6288640129089353,1.1764085803985596,1.4943195421218871,4.790679338073731,0.4308,0.5776,0.4440703361115071,0.42805758019497064,False
resnet50_crop128_8class_infonce_l020_11032366_9,loss_ablation,ResNet50,8-class,CE+InfoNCE 0.20,frozen/default,7,train,1.0486964644529881,0.3683145554401936,0.08339187679573512,2.9849500686694412,0.7252604166666666,0.9442107371794872,,,False
resnet50_crop128_8class_infonce_l020_11032366_9,loss_ablation,ResNet50,8-class,CE+InfoNCE 0.20,frozen/default,7,val,3.669893176269531,1.1872700231552125,1.5304152738571166,4.761039309692383,0.4132,0.59,0.44236030107968605,0.4338246485401088,False
resnet50_crop128_8class_infonce_l020_11032366_9,loss_ablation,ResNet50,8-class,CE+InfoNCE 0.20,frozen/default,8,train,0.9805945234420972,0.3402464762330055,0.07346312591853814,2.8344245629432874,0.7458934294871795,0.9541266025641025,,,False
resnet50_crop128_8class_infonce_l020_11032366_9,loss_ablation,ResNet50,8-class,CE+InfoNCE 0.20,frozen/default,8,val,3.741910498046875,1.1796665605545045,1.5995517730712892,4.813460985565186,0.4332,0.5928,0.45523840613672933,0.43229503565770067,False
resnet50_crop128_8class_infonce_l050_11032366_10,loss_ablation,ResNet50,8-class,CE+InfoNCE 0.50,frozen/default,1,train,4.542999658829126,1.1584352117318373,1.049829553335141,4.669469845600617,0.3835136217948718,0.40775240384615385,,,False
resnet50_crop128_8class_infonce_l050_11032366_10,loss_ablation,ResNet50,8-class,CE+InfoNCE 0.50,frozen/default,1,val,6.073035221862793,1.7590604522705078,1.9267220748901368,4.774505401611328,0.2132,0.2008,0.2625518161399556,0.22778123295461988,False
resnet50_crop128_8class_infonce_l050_11032366_10,loss_ablation,ResNet50,8-class,CE+InfoNCE 0.50,frozen/default,2,train,3.1108760711474295,0.6577012600042881,0.5121520532247348,3.8820455227142725,0.6018629807692307,0.6931089743589743,,,False
resnet50_crop128_8class_infonce_l050_11032366_10,loss_ablation,ResNet50,8-class,CE+InfoNCE 0.50,frozen/default,2,val,5.384688540649414,1.4178758178710937,1.6255872186660767,4.6824509773254395,0.2948,0.3568,0.34919305447432986,0.3163075093968122,False
resnet50_crop128_8class_infonce_l050_11032366_10,loss_ablation,ResNet50,8-class,CE+InfoNCE 0.50,frozen/default,3,train,2.5791710767990503,0.5318091947298783,0.31503854329005265,3.4646467031576695,0.6525440705128205,0.7956730769230769,,,False
resnet50_crop128_8class_infonce_l050_11032366_10,loss_ablation,ResNet50,8-class,CE+InfoNCE 0.50,frozen/default,3,val,5.163172183227539,1.3185970600128174,1.5104405960083007,4.6682689559936525,0.3264,0.4204,0.37036187286825517,0.354360139649334,False
resnet50_crop128_8class_infonce_l050_11032366_10,loss_ablation,ResNet50,8-class,CE+InfoNCE 0.50,frozen/default,4,train,2.300992932075109,0.47631732928447235,0.23607713270645875,3.177196924503033,0.6800881410256411,0.8391426282051282,,,False
resnet50_crop128_8class_infonce_l050_11032366_10,loss_ablation,ResNet50,8-class,CE+InfoNCE 0.50,frozen/default,4,val,5.065901418304444,1.2875725528717041,1.4431109987258912,4.670435726928711,0.3416,0.4932,0.39260503086615123,0.39498187369363635,False
resnet50_crop128_8class_infonce_l050_11032366_10,loss_ablation,ResNet50,8-class,CE+InfoNCE 0.50,frozen/default,5,train,2.123800965455862,0.4403198269697336,0.19384648956549475,2.9792692936383762,0.6920072115384616,0.8653846153846154,,,False
resnet50_crop128_8class_infonce_l050_11032366_10,loss_ablation,ResNet50,8-class,CE+InfoNCE 0.50,frozen/default,5,val,5.048848095703125,1.2466733057022095,1.4488028203964234,4.706743988037109,0.38,0.5148,0.41138086809210206,0.4016652490465895,False
resnet50_crop128_8class_infonce_l050_11032366_10,loss_ablation,ResNet50,8-class,CE+InfoNCE 0.50,frozen/default,6,train,1.93548361154703,0.39331422325892323,0.16012423485517502,2.76409030571962,0.7216546474358975,0.8886217948717948,,,False
resnet50_crop128_8class_infonce_l050_11032366_10,loss_ablation,ResNet50,8-class,CE+InfoNCE 0.50,frozen/default,6,val,5.081243615722657,1.2025412965774536,1.4854782264709472,4.786448179626465,0.42,0.5332,0.43194874677002937,0.4114029401012709,False
resnet50_crop128_8class_infonce_l050_11032366_10,loss_ablation,ResNet50,8-class,CE+InfoNCE 0.50,frozen/default,7,train,1.856382431128086,0.39221337590462124,0.146129814382547,2.6360784891324167,0.7180488782051282,0.8962339743589743,,,False
resnet50_crop128_8class_infonce_l050_11032366_10,loss_ablation,ResNet50,8-class,CE+InfoNCE 0.50,frozen/default,7,val,5.084984854888916,1.203252000427246,1.4915758506774903,4.780314044189453,0.4136,0.5448,0.43669097542399177,0.4155723172346764,False
resnet50_crop128_8class_infonce_l050_11032366_10,loss_ablation,ResNet50,8-class,CE+InfoNCE 0.50,frozen/default,8,train,1.7299912556623802,0.3651866089457121,0.13103632074900162,2.46753663283128,0.7358774038461539,0.9104567307692307,,,False
resnet50_crop128_8class_infonce_l050_11032366_10,loss_ablation,ResNet50,8-class,CE+InfoNCE 0.50,frozen/default,8,val,5.1310360229492185,1.192613207435608,1.5305425224304199,4.81576061630249,0.4252,0.5544,0.44220750742720893,0.42061169648446617,False
resnet50_crop128_8class_infonce_only_11032366_11,loss_ablation,ResNet50,8-class,InfoNCE-only,frozen/default,1,train,4.683481228657258,2.460721498880631,2.0530442549632144,4.683481228657258,0.10336538461538461,0.10957532051282051,,,False
resnet50_crop128_8class_infonce_only_11032366_11,loss_ablation,ResNet50,8-class,InfoNCE-only,frozen/default,1,val,4.721034621429443,2.150927807998657,2.3613343265533446,4.721034621429443,0.1172,0.0288,0.06484476119616131,0.032071148733579524,False
resnet50_crop128_8class_infonce_only_11032366_11,loss_ablation,ResNet50,8-class,InfoNCE-only,frozen/default,2,train,3.9741213413385243,2.3549494376549354,2.096637059480716,3.9741213413385243,0.09495192307692307,0.10737179487179487,,,False
resnet50_crop128_8class_infonce_only_11032366_11,loss_ablation,ResNet50,8-class,InfoNCE-only,frozen/default,2,val,4.651132485961914,2.1129557075500487,2.3239254135131837,4.651132485961914,0.1668,0.0376,0.08751212128834299,0.03633458929462162,False
resnet50_crop128_8class_infonce_only_11032366_11,loss_ablation,ResNet50,8-class,InfoNCE-only,frozen/default,3,train,3.4256258652760434,2.1603554609494333,2.1404264034369054,3.4256258652760434,0.10747195512820513,0.10757211538461539,,,False
resnet50_crop128_8class_infonce_only_11032366_11,loss_ablation,ResNet50,8-class,InfoNCE-only,frozen/default,3,val,4.63398748626709,2.1254126876831054,2.281438430404663,4.63398748626709,0.1612,0.0564,0.08482087029437056,0.04257804065256149,False
resnet50_crop128_8class_infonce_only_11032366_11,loss_ablation,ResNet50,8-class,InfoNCE-only,frozen/default,4,train,3.053967909935193,2.057907225229801,2.1524586219054003,3.053967909935193,0.12209535256410256,0.09725560897435898,,,False
resnet50_crop128_8class_infonce_only_11032366_11,loss_ablation,ResNet50,8-class,InfoNCE-only,frozen/default,4,val,4.651698892974854,2.1428004524230957,2.275135506820679,4.651698892974854,0.1576,0.0676,0.08459079513621538,0.04780204038480068,False
resnet50_crop128_8class_infonce_only_11032366_11,loss_ablation,ResNet50,8-class,InfoNCE-only,frozen/default,5,train,2.767092044536884,2.0425410729188185,2.157790718934475,2.767092044536884,0.12590144230769232,0.09715544871794872,,,False
resnet50_crop128_8class_infonce_only_11032366_11,loss_ablation,ResNet50,8-class,InfoNCE-only,frozen/default,5,val,4.725029098510742,2.140185232925415,2.2504396953582764,4.725029098510742,0.1488,0.0904,0.08366840032620312,0.05699630147680243,False
smoke_gigapath_project_11016891,initial,GigaPath,metric,other,frozen/default,1,train,2.2745223492383957,1.0415479689836502,1.2254511173814535,0.015046613640151918,0.462890625,0.41796875,,,False
smoke_gigapath_project_11016891,initial,GigaPath,metric,other,frozen/default,1,val,3.476666748523712,1.4473150297999382,2.021658979356289,0.015385506267193705,0.3359375,0.265625,0.3777473293727163,0.12214519130025193,False
gigapath_crop128_3class_frozen_constant_l005_11038859_0,training_strategy,GigaPath,3-class,other,frozen constant,1,train,1.1582253829408915,0.49780048683094674,0.503621433646633,3.136069282507285,0.7308693910256411,0.7434895833333334,,,False
gigapath_crop128_3class_frozen_constant_l005_11038859_0,training_strategy,GigaPath,3-class,other,frozen constant,1,val,1.7301419981002808,0.7747871409416198,0.7936989862442017,3.2331175191879273,0.6432,0.7368,0.5938205464504861,0.6635135529121994,False
gigapath_crop128_3class_frozen_constant_l005_11038859_0,training_strategy,GigaPath,3-class,other,frozen constant,2,train,0.7369303397643261,0.3962708968096055,0.2010685790401812,2.791817150054834,0.7894631410256411,0.9026442307692307,,,False
gigapath_crop128_3class_frozen_constant_l005_11038859_0,training_strategy,GigaPath,3-class,other,frozen constant,2,val,1.7855132654190065,0.7102011239051819,0.9118434232711792,3.2693741710662843,0.6912,0.7568,0.6287008204118115,0.6799412990339476,False
gigapath_crop128_3class_frozen_constant_l005_11038859_0,training_strategy,GigaPath,3-class,other,frozen constant,3,train,0.6057302065384693,0.36709100595460487,0.10966716803467044,2.579440619700994,0.8055889423076923,0.9501201923076923,,,False
gigapath_crop128_3class_frozen_constant_l005_11038859_0,training_strategy,GigaPath,3-class,other,frozen constant,3,val,1.856545837020874,0.6254743769168853,1.06823359375,3.2567569211959837,0.7356,0.7548,0.6826976479759498,0.6730270825845984,False
gigapath_crop128_3class_frozen_constant_l005_11038859_0,training_strategy,GigaPath,3-class,other,frozen constant,4,train,0.5288416635340605,0.34398704609618735,0.06486156571787806,2.399860981565255,0.8178084935897436,0.9721554487179487,,,False
gigapath_crop128_3class_frozen_constant_l005_11038859_0,training_strategy,GigaPath,3-class,other,frozen constant,4,val,1.9523941299438476,0.6427902765750885,1.1487941373825072,3.2161943097114563,0.7172,0.7508,0.659030387758803,0.6777565135722886,False
gigapath_crop128_3class_frozen_warmcos_l005_11038859_1,training_strategy,GigaPath,3-class,other,frozen warmup/cosine,1,train,1.4545368353525798,0.5972862841131595,0.6861234077562889,3.4225429051961656,0.6596554487179487,0.6311097756410257,,,False
gigapath_crop128_3class_frozen_warmcos_l005_11038859_1,training_strategy,GigaPath,3-class,other,frozen warmup/cosine,1,val,1.6667278295516967,0.7620075229644775,0.739170827293396,3.3109897233963013,0.6404,0.7204,0.5932024402358166,0.6542449955344641,False
gigapath_crop128_3class_frozen_warmcos_l005_11038859_1,training_strategy,GigaPath,3-class,other,frozen warmup/cosine,2,train,0.7838761541896906,0.4136226874513504,0.22397395394121608,2.9255901957169557,0.7814503205128205,0.889823717948718,,,False
gigapath_crop128_3class_frozen_warmcos_l005_11038859_1,training_strategy,GigaPath,3-class,other,frozen warmup/cosine,2,val,1.7380972339630127,0.7131516672134399,0.8565202255249024,3.36850660572052,0.6908,0.7532,0.6285305805682483,0.6795571128684877,False
gigapath_crop128_3class_frozen_warmcos_l005_11038859_1,training_strategy,GigaPath,3-class,other,frozen warmup/cosine,3,train,0.6280553133632892,0.37564345821738243,0.11844679248184921,2.6793011831931577,0.8019831730769231,0.9451121794871795,,,False
gigapath_crop128_3class_frozen_warmcos_l005_11038859_1,training_strategy,GigaPath,3-class,other,frozen warmup/cosine,3,val,1.8139671932220458,0.636332294368744,1.0079033851623536,3.394630299949646,0.7288,0.7524,0.6731901672915322,0.6756106861511869,False
gigapath_crop128_3class_frozen_warmcos_l005_11038859_1,training_strategy,GigaPath,3-class,other,frozen warmup/cosine,4,train,0.5340414434098281,0.3392816409468651,0.06992633627333607,2.4966692748742227,0.8183092948717948,0.9706530448717948,,,False
gigapath_crop128_3class_frozen_warmcos_l005_11038859_1,training_strategy,GigaPath,3-class,other,frozen warmup/cosine,4,val,1.8229888774871825,0.5803993695259094,1.0781218156814576,3.2893536809921264,0.7508,0.7556,0.6990623127186906,0.6794441885898994,False
gigapath_crop128_3class_last1_warmcos_l005_11038859_2,training_strategy,GigaPath,3-class,other,last-1 warmup/cosine,1,train,1.4545368353525798,0.5972862841131595,0.6861234077562889,3.4225429051961656,0.6596554487179487,0.6311097756410257,,,False
gigapath_crop128_3class_last1_warmcos_l005_11038859_2,training_strategy,GigaPath,3-class,other,last-1 warmup/cosine,1,val,1.6667278295516967,0.7620075229644775,0.739170827293396,3.3109897233963013,0.6404,0.7204,0.5932024402358166,0.6542449955344641,False
gigapath_crop128_3class_last1_warmcos_l005_11038859_2,training_strategy,GigaPath,3-class,other,last-1 warmup/cosine,2,train,0.8161552700285728,0.4144604454437892,0.2541843473385924,2.95020942733838,0.7807491987179487,0.8732972756410257,,,False
gigapath_crop128_3class_last1_warmcos_l005_11038859_2,training_strategy,GigaPath,3-class,other,last-1 warmup/cosine,2,val,1.8123079265594482,0.8041449907302857,0.8405037981033325,3.3531827476501466,0.6628,0.7324,0.599361199416368,0.6562604259748431,False
gigapath_crop128_3class_last1_warmcos_l005_11038859_2,training_strategy,GigaPath,3-class,other,last-1 warmup/cosine,3,train,0.5859512260709053,0.3251180993631864,0.1310747058954663,2.595168349834589,0.8326322115384616,0.9367988782051282,,,False
gigapath_crop128_3class_last1_warmcos_l005_11038859_2,training_strategy,GigaPath,3-class,other,last-1 warmup/cosine,3,val,1.6703844858169556,0.5351142701983452,0.9723136657714844,3.25913108625412,0.792,0.7652,0.7357355414947216,0.6928624847768671,False
gigapath_crop128_3class_last1_warmcos_l005_11038859_2,training_strategy,GigaPath,3-class,other,last-1 warmup/cosine,4,train,0.44781128188165337,0.2531058172552058,0.07760625929297067,2.341984082108889,0.8704927884615384,0.9663461538461539,,,False
gigapath_crop128_3class_last1_warmcos_l005_11038859_2,training_strategy,GigaPath,3-class,other,last-1 warmup/cosine,4,val,1.6630217475891114,0.4430392558038235,1.061970090866089,3.1602481441497803,0.8212,0.7628,0.7781641905776707,0.6899948793489239,False
gigapath_crop128_3class_last1_warmcos_l005_11038859_2,training_strategy,GigaPath,3-class,other,last-1 warmup/cosine,5,train,0.35249742483481383,0.2015767574119262,0.04435429278647718,2.1313274537141504,0.8928285256410257,0.981270032051282,,,False
gigapath_crop128_3class_last1_warmcos_l005_11038859_2,training_strategy,GigaPath,3-class,other,last-1 warmup/cosine,5,val,1.7069755451202393,0.40553838450908664,1.14382795753479,3.1521842611312865,0.8444,0.7648,0.8094315271968032,0.6927784237541333,False
gigapath_crop128_3class_last2_warmcos_l005_11038859_3,training_strategy,GigaPath,3-class,other,last-2 warmup/cosine,1,train,1.4545368353525798,0.5972862841131595,0.6861234077562889,3.4225429051961656,0.6596554487179487,0.6311097756410257,,,False
gigapath_crop128_3class_last2_warmcos_l005_11038859_3,training_strategy,GigaPath,3-class,other,last-2 warmup/cosine,1,val,1.6667278295516967,0.7620075229644775,0.739170827293396,3.3109897233963013,0.6404,0.7204,0.5932024402358166,0.6542449955344641,False
gigapath_crop128_3class_last2_warmcos_l005_11038859_3,training_strategy,GigaPath,3-class,other,last-2 warmup/cosine,2,train,0.8093817073565263,0.4078717664457284,0.25434075365177333,2.943383683760961,0.7848557692307693,0.8724959935897436,,,False
gigapath_crop128_3class_last2_warmcos_l005_11038859_3,training_strategy,GigaPath,3-class,other,last-2 warmup/cosine,2,val,1.7452173440933227,0.7408171589851379,0.8387758060455323,3.3124875838279726,0.6872,0.7328,0.6236721822352534,0.6554518603360583,False
gigapath_crop128_3class_last2_warmcos_l005_11038859_3,training_strategy,GigaPath,3-class,other,last-2 warmup/cosine,3,train,0.5615457902925137,0.3010144354775548,0.13207300113609585,2.5691670118234096,0.8478565705128205,0.9354967948717948,,,False
gigapath_crop128_3class_last2_warmcos_l005_11038859_3,training_strategy,GigaPath,3-class,other,last-2 warmup/cosine,3,val,1.6690259742736817,0.5258180799424649,0.9810527328491211,3.243103154373169,0.7952,0.7624,0.7420284818019826,0.6866881606455983,False
gigapath_crop128_3class_last2_warmcos_l005_11038859_3,training_strategy,GigaPath,3-class,other,last-2 warmup/cosine,4,train,0.4276440088661053,0.23395004811195227,0.07773111883300142,2.3192567832959003,0.878104967948718,0.965645032051282,,,False
gigapath_crop128_3class_last2_warmcos_l005_11038859_3,training_strategy,GigaPath,3-class,other,last-2 warmup/cosine,4,val,1.6465788843154907,0.41690334083139896,1.0725657304763794,3.142196255111694,0.8312,0.7652,0.7940870796800961,0.6944746455501392,False
gigapath_crop128_3class_last2_warmcos_l005_11038859_3,training_strategy,GigaPath,3-class,other,last-2 warmup/cosine,5,train,0.3320880540383932,0.18223828442681295,0.04440226401232231,2.108950075048667,0.9013421474358975,0.9815705128205128,,,False
gigapath_crop128_3class_last2_warmcos_l005_11038859_3,training_strategy,GigaPath,3-class,other,last-2 warmup/cosine,5,val,1.709312273788452,0.3981363204538822,1.1531924369812012,3.159670376110077,0.8516,0.7636,0.8177527773551779,0.6885629684791289,False
gigapath_crop128_3class_last2_warmcos_l005_11038859_3,training_strategy,GigaPath,3-class,other,last-2 warmup/cosine,6,train,0.28576786935520476,0.15301455958531454,0.03462221523902068,1.9626218588688435,0.9137620192307693,0.9867788461538461,,,False
gigapath_crop128_3class_last2_warmcos_l005_11038859_3,training_strategy,GigaPath,3-class,other,last-2 warmup/cosine,6,val,1.748205617904663,0.3982457672059536,1.191370492553711,3.1717871376037596,0.8512,0.7616,0.8206897446288995,0.6828697128152245,False
gigapath_crop128_8class_last2_warmcos_l005_11040134,training_strategy,GigaPath,8-class,other,last-2 warmup/cosine,1,train,2.12096946228009,0.8369395139221197,1.1219068123744085,3.2424626793616858,0.5683092948717948,0.4405048076923077,,,False
gigapath_crop128_8class_last2_warmcos_l005_11040134,training_strategy,GigaPath,8-class,other,last-2 warmup/cosine,1,val,3.104577334213257,1.2254287017822265,1.7066667785644531,3.449637191390991,0.3984,0.3504,0.45553258142026654,0.2843216972863335,False
gigapath_crop128_8class_last2_warmcos_l005_11040134,training_strategy,GigaPath,8-class,other,last-2 warmup/cosine,2,train,0.7730090724161038,0.2969290945105828,0.35423751089435357,2.4368493236028232,0.7756410256410257,0.7775440705128205,,,False
gigapath_crop128_8class_last2_warmcos_l005_11040134,training_strategy,GigaPath,8-class,other,last-2 warmup/cosine,2,val,2.570985652923584,0.9278086526870728,1.4811798608779907,3.2399426315307616,0.5484,0.4996,0.5435967891618371,0.3824772897643426,False
gigapath_crop128_8class_last2_warmcos_l005_11040134,training_strategy,GigaPath,8-class,other,last-2 warmup/cosine,3,train,0.4709439725161363,0.21044521949564418,0.15840102481440857,2.0419545490772295,0.8324318910256411,0.8895232371794872,,,False
gigapath_crop128_8class_last2_warmcos_l005_11040134,training_strategy,GigaPath,8-class,other,last-2 warmup/cosine,3,val,2.5335919147491457,0.8379387376785278,1.52683657951355,3.376332171154022,0.614,0.5676,0.586612357247146,0.420976781154366,False
gigapath_crop128_8class_last2_warmcos_l005_11040134,training_strategy,GigaPath,8-class,other,last-2 warmup/cosine,4,train,0.34474375108495736,0.16176438831891388,0.09484310026089542,1.762725211870976,0.8680889423076923,0.9311899038461539,,,False
gigapath_crop128_8class_last2_warmcos_l005_11040134,training_strategy,GigaPath,8-class,other,last-2 warmup/cosine,4,val,2.4386162227630614,0.7559430055618286,1.5209498512268067,3.2344672780036925,0.6432,0.6268,0.6159687951271113,0.44632487151106554,False
gigapath_crop128_8class_last2_warmcos_l005_11040134,training_strategy,GigaPath,8-class,other,last-2 warmup/cosine,5,train,0.26818233021558857,0.12499485053838445,0.06301659412789516,1.6034176754645812,0.8931290064102564,0.953125,,,False
gigapath_crop128_8class_last2_warmcos_l005_11040134,training_strategy,GigaPath,8-class,other,last-2 warmup/cosine,5,val,2.4544338348388672,0.66554591588974,1.629000136947632,3.19775567817688,0.7084,0.6316,0.6391232576418182,0.45120790633146785,False
gigapath_crop128_8class_last2_warmcos_l005_11040134,training_strategy,GigaPath,8-class,other,last-2 warmup/cosine,6,train,0.22133846356509587,0.10080769116011186,0.04722658099863344,1.4660837986530402,0.9120592948717948,0.9645432692307693,,,False
gigapath_crop128_8class_last2_warmcos_l005_11040134,training_strategy,GigaPath,8-class,other,last-2 warmup/cosine,6,val,2.4957016946792603,0.6343439966201783,1.6999330053329467,3.228493631362915,0.7384,0.632,0.6570024110936513,0.4458321914039195,False
gigapath_crop128_8class_last2_warmcos_l005_11040134,training_strategy,GigaPath,8-class,other,last-2 warmup/cosine,7,train,0.19825072230723423,0.0894792370725041,0.038098887395627126,1.4134519077264345,0.9203725961538461,0.9724559294871795,,,False
gigapath_crop128_8class_last2_warmcos_l005_11040134,training_strategy,GigaPath,8-class,other,last-2 warmup/cosine,7,val,2.5091560062408447,0.6256694115638733,1.721247112083435,3.2447897500038145,0.752,0.634,0.6629670982051565,0.4420699074114408,False
